Brand,Model,Generation,Spec-model,Acceleration 0-100 km/h,1/4tb mile ET
Chevrolet,Silverado 1500,Silverado 1500 III Crew Cab,13.463,,
Chevrolet,Silverado 1500,Silverado 1500 III Crew Cab,13.621,,
Chevrolet,Silverado 1500,Silverado 1500 III Crew Cab,14.075,,
Chevrolet,Silverado 1500,Silverado 1500 III Crew Cab,14.292,,
Chevrolet,Silverado 1500,Silverado 1500 III Crew Cab,15.162,,
Chevrolet,Silverado 1500,Silverado 1500 III Crew Cab,15.288,,
Chevrolet,Onix,Onix I,12.7 sec ,17.012,
Chevrolet,Onix,Onix I,12.7 sec ,16.706,
Chevrolet,Onix,Onix I,18.007,,
Chevrolet,Spin,Spin (facelift 2018),19.531,,
Chevrolet,Spin,Spin (facelift 2018),19.417,,
Chevrolet,Impala,Impala IX,13.463,,
Chevrolet,Impala,Impala IX,13.463,,
Chevrolet,Impala,Impala IX,14.433,,
Chevrolet,Impala,Impala IX,14.639,,
Chevrolet,Impala,Impala IX,13.301,,
Chevrolet,Impala,Impala IX,15.035,,
Chevrolet,Impala,Impala IX,14.905,,
Chevrolet,Rezzo,Rezzo,11.7 sec ,16.758,
Chevrolet,Rezzo,Rezzo,10.3 sec ,16.758,
Chevrolet,Rezzo,Rezzo,12.2 sec ,17.405,
Chevrolet,Tracker,Tracker II,15.411,,
Chevrolet,Tracker,Tracker II,15.411,,
Chevrolet,Tracker,Tracker II,15.162,,
Chevrolet,Tracker,Tracker II,15.162,,
Chevrolet,Tracker,Tracker II,16.601,,
Chevrolet,Tracker,Tracker II,16.601,,
Chevrolet,Tracker,Tracker II,12.5 sec ,17.062,
Chevrolet,Tracker,Tracker II,16.809,,
Chevrolet,Tracker,Tracker II,18.272,,
Chevrolet,Tracker,Tracker II,11.5 sec ,17.734,
Chevrolet,Tracker,Tracker II,11.5 sec ,17.734,
Chevrolet,Onix,Onix II Sedan,15.472,,
Chevrolet,Onix,Onix II Sedan,17.162,,
Chevrolet,Onix,Onix II Sedan,16.056,,
Chevrolet,Onix,Onix II Sedan,15.943,,
Chevrolet,Onix,Onix II Sedan,18.007,,
Chevrolet,Corsa,Corsa Hatch (GM 4200),16.333,,
Chevrolet,Corsa,Corsa Hatch (GM 4200),9.9 sec ,16.653,
Chevrolet,Corsa,Corsa Hatch (GM 4200),14.9 sec ,18.007,
Chevrolet,Corsa,Corsa Hatch (GM 4200),15.9 sec ,18.315,
Chevrolet,Sonic,Sonic I Sedan (facelift 2016),15.943,,
Chevrolet,Sonic,Sonic I Sedan (facelift 2016),15.828,,
Chevrolet,Sonic,Sonic I Sedan (facelift 2016),16.112,,
Chevrolet,Sonic,Sonic I Sedan (facelift 2016),15.885,,
Chevrolet,Silverado 3500 HD,Silverado 3500 HD II (GMT900) Crew Cab Long Box,15.35,,
Chevrolet,Silverado 3500 HD,Silverado 3500 HD II (GMT900) Crew Cab Long Box,15.652,,
Chevrolet,Silverado 3500 HD,Silverado 3500 HD II (GMT900) Crew Cab Long Box,15.592,,
Chevrolet,Silverado 3500 HD,Silverado 3500 HD II (GMT900) Crew Cab Long Box,15.828,,
Chevrolet,Silverado 3500 HD,Silverado 3500 HD II (GMT900) Crew Cab Long Box,15.099,,
Chevrolet,Silverado 3500 HD,Silverado 3500 HD II (GMT900) Crew Cab Long Box,15.225,,
Chevrolet,Silverado 3500 HD,Silverado 3500 HD II (GMT900) Crew Cab Long Box,15.099,,
Chevrolet,Silverado 3500 HD,Silverado 3500 HD II (GMT900) Crew Cab Long Box,15.411,,
Chevrolet,Silverado 3500 HD,"Silverado 3500 HD II (GMT900, facelift 2011) Regular Cab Long Box",15.035,,
Chevrolet,Silverado 3500 HD,"Silverado 3500 HD II (GMT900, facelift 2011) Regular Cab Long Box",15.35,,
Chevrolet,Silverado 3500 HD,"Silverado 3500 HD II (GMT900, facelift 2011) Regular Cab Long Box",14.707,,
Chevrolet,Silverado 3500 HD,"Silverado 3500 HD II (GMT900, facelift 2011) Regular Cab Long Box",15.035,,
Chevrolet,Silverado 3500 HD,"Silverado 3500 HD II (GMT900, facelift 2011) Regular Cab Long Box",14.97,,
Chevrolet,Silverado 3500 HD,"Silverado 3500 HD II (GMT900, facelift 2011) Regular Cab Long Box",15.288,,
Chevrolet,Tracker,Tracker (2019),15.035,,
Chevrolet,Tracker,Tracker (2019),16.224,,
Chevrolet,Tracker,Tracker (2019),16.056,,
Chevrolet,Tracker,Tracker (2019),15.885,,
Chevrolet,Cruze,Cruze Combi (facelift 2013),10 sec ,16,
Chevrolet,Cruze,Cruze Combi (facelift 2013),8.5 sec ,15.943,
Chevrolet,Cruze,Cruze Combi (facelift 2013),11.5 sec ,16.279,
Chevrolet,Cruze,Cruze Combi (facelift 2013),11 sec ,16.168,
Chevrolet,Cruze,Cruze Combi (facelift 2013),10.4 sec ,17.012,
Chevrolet,Cruze,Cruze Combi (facelift 2013),12.4 sec ,18.007,
Chevrolet,Cruze,Cruze Combi (facelift 2013),12.6 sec ,16.86,
Chevrolet,Cruze,Cruze Combi (facelift 2013),10.8 sec ,16.387,
Chevrolet,Cruze,Cruze Combi (facelift 2013),9.5 sec ,16.333,
Chevrolet,Cruze,Cruze Combi (facelift 2013),14.6 sec ,18.007,
Chevrolet,Equinox,Equinox II (facelift 2016),13.927,,
Chevrolet,Equinox,Equinox II (facelift 2016),13.852,,
Chevrolet,Equinox,Equinox II (facelift 2016),16.168,,
Chevrolet,Equinox,Equinox II (facelift 2016),15.943,,
Chevrolet,Camaro,Camaro IV,6 sec ,13.621,
Chevrolet,Camaro,Camaro IV,13.218,,
Chevrolet,Camaro,Camaro IV,13.463,,
Chevrolet,Camaro,Camaro IV,13.463,,
Chevrolet,Camaro,Camaro IV,8.5 sec ,14.84,
Chevrolet,Camaro,Camaro IV,8.5 sec ,14.84,
Chevrolet,Camaro,Camaro IV,15.885,,
Chevrolet,Camaro,Camaro IV,15.885,,
Chevrolet,Lacetti,Lacetti Wagon,10.4 sec ,16.601,
Chevrolet,Lacetti,Lacetti Wagon,11.4 sec ,17.112,
Chevrolet,Corvette,Corvette Convertible (C4),13.049,,
Chevrolet,Corvette,Corvette Convertible (C4),5.4 sec ,13.542,
Chevrolet,Corsa,Corsa Sedan (GM 4200),10.6 sec ,16.333,
Chevrolet,Corsa,Corsa Sedan (GM 4200),11 sec ,16.279,
Chevrolet,Corsa,Corsa Sedan (GM 4200),18.1 sec ,18.738,
Chevrolet,Corvette,Corvette Coupe (C6),3.4 sec ,10.15,
Chevrolet,Corvette,Corvette Coupe (C6),3.8 sec ,10.811,
Chevrolet,Corvette,Corvette Coupe (C6),4.6 sec ,11.287,
Chevrolet,Corvette,Corvette Coupe (C6),4.4 sec ,11.287,
Chevrolet,Corvette,Corvette Coupe (C6),4.5 sec ,11.619,
Chevrolet,Corvette,Corvette Coupe (C6),4.5 sec ,11.619,
Chevrolet,Silverado 1500,Silverado 1500 IV Double Cab,13.382,,
Chevrolet,Silverado 1500,Silverado 1500 IV Double Cab,13.852,,
Chevrolet,Silverado 1500,Silverado 1500 IV Double Cab,13.776,,
Chevrolet,Silverado 1500,Silverado 1500 IV Double Cab,14.075,,
Chevrolet,Silverado 1500,Silverado 1500 IV Double Cab,14.002,,
Chevrolet,Silverado 1500,Silverado 1500 IV Double Cab,14.84,,
Chevrolet,Silverado 1500,Silverado 1500 IV Double Cab,14.84,,
Chevrolet,Silverado 1500,Silverado 1500 IV Double Cab,14.433,,
Chevrolet,Silverado 1500,Silverado 1500 IV Double Cab,14.639,,
Chevrolet,Silverado 2500 HD,"Silverado 2500 HD II (GMT900, facelift 2011) Extended Cab Long Box",15.162,,
Chevrolet,Silverado 2500 HD,"Silverado 2500 HD II (GMT900, facelift 2011) Extended Cab Long Box",15.35,,
Chevrolet,Silverado 2500 HD,"Silverado 2500 HD II (GMT900, facelift 2011) Extended Cab Long Box",14.97,,
Chevrolet,Silverado 2500 HD,"Silverado 2500 HD II (GMT900, facelift 2011) Extended Cab Long Box",15.035,,
Chevrolet,Silverado 2500 HD,"Silverado 2500 HD II (GMT900, facelift 2011) Extended Cab Long Box",not known,,
Chevrolet,Camaro,Camaro IV Convertible,13.542,,
Chevrolet,Camaro,Camaro IV Convertible,13.218,,
Chevrolet,Camaro,Camaro IV Convertible,13.463,,
Chevrolet,Camaro,Camaro IV Convertible,13.463,,
Chevrolet,Camaro,Camaro IV Convertible,8.5 sec ,15.162,
Chevrolet,Camaro,Camaro IV Convertible,8.5 sec ,15.162,
Chevrolet,Camaro,Camaro IV Convertible,15.885,,
Chevrolet,Camaro,Camaro IV Convertible,15.885,,
Chevrolet,Suburban,Suburban (GMTT1XK),not known,,
Chevrolet,Suburban,Suburban (GMTT1XK),not known,,
Chevrolet,Suburban,Suburban (GMTT1XK),not known,,
Chevrolet,Suburban,Suburban (GMTT1XK),not known,,
Chevrolet,Suburban,Suburban (GMTT1XK),not known,,
Chevrolet,Suburban,Suburban (GMTT1XK),not known,,
Chevrolet,Tavera,Tavera,not known,,
Chevrolet,Tavera,Tavera,not known,,
Chevrolet,Aveo,Aveo II Sedan (facelift 2015),not known,,
Chevrolet,Aveo,Aveo II Sedan (facelift 2015),not known,,
Chevrolet,Colorado,Colorado II Crew Cab Long Box,14.002,,
Chevrolet,Colorado,Colorado II Crew Cab Long Box,14.221,,
Chevrolet,Colorado,Colorado II Crew Cab Long Box,14.002,,
Chevrolet,Colorado,Colorado II Crew Cab Long Box,14.221,,
Chevrolet,Colorado,Colorado II Crew Cab Long Box,16.86,,
Chevrolet,Colorado,Colorado II Crew Cab Long Box,17.162,,
Chevrolet,S-10 Pickup,S-10 Pickup,9.9 sec ,16.706,
Chevrolet,S-10 Pickup,S-10 Pickup,9.9 sec ,16.706,
Chevrolet,Caprice,Caprice (83),not known,,
Chevrolet,Silverado 3500 HD,Silverado 3500 HD IV (T1XX) Regular Cab Long Bed,14.502,,
Chevrolet,Silverado 3500 HD,Silverado 3500 HD IV (T1XX) Regular Cab Long Bed,14.773,,
Chevrolet,Silverado 3500 HD,Silverado 3500 HD IV (T1XX) Regular Cab Long Bed,14.773,,
Chevrolet,Silverado 3500 HD,Silverado 3500 HD IV (T1XX) Regular Cab Long Bed,14.97,,
Chevrolet,Silverado 3500 HD,Silverado 3500 HD IV (T1XX) Regular Cab Long Bed,14.773,,
Chevrolet,Silverado 3500 HD,Silverado 3500 HD IV (T1XX) Regular Cab Long Bed,14.905,,
Chevrolet,Silverado 3500 HD,Silverado 3500 HD IV (T1XX) Regular Cab Long Bed,14.97,,
Chevrolet,Silverado 3500 HD,Silverado 3500 HD IV (T1XX) Regular Cab Long Bed,15.099,,
Chevrolet,Malibu,Malibu VII,14.221,,
Chevrolet,Malibu,Malibu VII,15.885,,
Chevrolet,Malibu,Malibu VII,15.885,,
Chevrolet,Malibu,Malibu VII,15.885,,
Chevrolet,Malibu,Malibu VII,16.224,,
Chevrolet,Silverado 2500 HD,Silverado 2500 HD IV (T1XX) Double Cab Standard Bed,14.707,,
Chevrolet,Silverado 2500 HD,Silverado 2500 HD IV (T1XX) Double Cab Standard Bed,14.905,,
Chevrolet,Silverado 2500 HD,Silverado 2500 HD IV (T1XX) Double Cab Standard Bed,14.773,,
Chevrolet,Silverado 2500 HD,Silverado 2500 HD IV (T1XX) Double Cab Standard Bed,14.97,,
Chevrolet,Silverado 1500,Silverado 1500 IV Crew Cab Short Box,13.382,,
Chevrolet,Silverado 1500,Silverado 1500 IV Crew Cab Short Box,13.776,,
Chevrolet,Silverado 1500,Silverado 1500 IV Crew Cab Short Box,13.927,,
Chevrolet,Silverado 1500,Silverado 1500 IV Crew Cab Short Box,14.148,,
Chevrolet,Silverado 1500,Silverado 1500 IV Crew Cab Short Box,14.002,,
Chevrolet,Silverado 1500,Silverado 1500 IV Crew Cab Short Box,14.84,,
Chevrolet,Silverado 1500,Silverado 1500 IV Crew Cab Short Box,15.162,,
Chevrolet,Silverado 1500,Silverado 1500 IV Crew Cab Short Box,15.35,,
Chevrolet,Silverado 1500,Silverado 1500 IV Crew Cab Short Box,14.433,,
Chevrolet,Silverado 1500,Silverado 1500 IV Crew Cab Short Box,14.639,,
Chevrolet,Impala,Impala VIII (W),7 sec ,14.363,
Chevrolet,Impala,Impala VIII (W),8.5 sec ,14.97,
Chevrolet,Impala,Impala VIII (W),10 sec ,15.288,
Chevrolet,Lumina,Lumina,14.571,,
Chevrolet,Lumina,Lumina,15.943,,
Chevrolet,Monte Carlo,Monte Carlo I,13.852,,
Chevrolet,Monte Carlo,Monte Carlo I,14.363,,
Chevrolet,Monte Carlo,Monte Carlo I,15.943,,
Chevrolet,Monte Carlo,Monte Carlo I,15.885,,
Chevrolet,Silverado 2500 HD,Silverado 2500 HD II (GMT900) Extended Cab Standard Box,15.035,,
Chevrolet,Silverado 2500 HD,Silverado 2500 HD II (GMT900) Extended Cab Standard Box,15.288,,
Chevrolet,Silverado 2500 HD,Silverado 2500 HD II (GMT900) Extended Cab Standard Box,14.502,,
Chevrolet,Silverado 2500 HD,Silverado 2500 HD II (GMT900) Extended Cab Standard Box,14.773,,
Chevrolet,Captiva,Captiva I,8.8 sec ,15.035,
Chevrolet,Captiva,Captiva I,8.8 sec ,14.97,
Chevrolet,Captiva,Captiva I,12.5 sec ,17.78,
Chevrolet,Captiva,Captiva I,11.5 sec ,17.78,
Chevrolet,Captiva,Captiva I,11.5 sec ,17.688,
Chevrolet,Captiva,Captiva I,11 sec ,17.547,
Chevrolet,Captiva,Captiva I,11 sec ,17.452,
Chevrolet,Captiva,Captiva I,12.2 sec ,17.308,
Chevrolet,Captiva,Captiva I,10.9 sec ,17.405,
Chevrolet,Captiva,Captiva I,10.9 sec ,17.26,
Chevrolet,Captiva,Captiva I,10.8 sec ,17.26,
Chevrolet,Captiva,Captiva I,12 sec ,18.228,
Chevrolet,Captiva,Captiva I,11.7 sec ,18.228,
Chevrolet,Malibu,Malibu V,15.35,,
Chevrolet,Malibu,Malibu V,15.828,,
Chevrolet,Malibu,Malibu V,15.885,,
Chevrolet,Silverado 3500 HD,"Silverado 3500 HD IV (T1XX, facelift 2024) Regular Cab Long Bed",14.639,,
Chevrolet,Silverado 3500 HD,"Silverado 3500 HD IV (T1XX, facelift 2024) Regular Cab Long Bed",14.84,,
Chevrolet,Silverado 3500 HD,"Silverado 3500 HD IV (T1XX, facelift 2024) Regular Cab Long Bed",14.84,,
Chevrolet,Silverado 3500 HD,"Silverado 3500 HD IV (T1XX, facelift 2024) Regular Cab Long Bed",15.099,,
Chevrolet,Silverado 3500 HD,"Silverado 3500 HD IV (T1XX, facelift 2024) Regular Cab Long Bed",14.292,,
Chevrolet,Silverado 3500 HD,"Silverado 3500 HD IV (T1XX, facelift 2024) Regular Cab Long Bed",14.571,,
Chevrolet,Silverado 3500 HD,"Silverado 3500 HD IV (T1XX, facelift 2024) Regular Cab Long Bed",14.571,,
Chevrolet,Silverado 3500 HD,"Silverado 3500 HD IV (T1XX, facelift 2024) Regular Cab Long Bed",14.773,,
Chevrolet,Vectra,Vectra,8 sec ,15.225,
Chevrolet,Trax,Trax I (facelift 2017),10.6 sec ,16.548,
Chevrolet,Trax,Trax I (facelift 2017),9.7 sec ,15.828,
Chevrolet,Corsa,Corsa Wagon (GM 4200),18.5 sec ,19.794,
Chevrolet,Corsa,Corsa Wagon (GM 4200),16.441,,
Chevrolet,Corsa,Corsa Wagon (GM 4200),15.7 sec ,16.653,
Chevrolet,Corsa,Corsa Wagon (GM 4200),15.7 sec ,18.529,
Chevrolet,Onix,Onix I (facelift 2017),16.809,,
Chevrolet,Onix,Onix I (facelift 2017),16.653,,
Chevrolet,Onix,Onix I (facelift 2017),16.809,,
Chevrolet,Onix,Onix I (facelift 2017),16.601,,
Chevrolet,Onix,Onix I (facelift 2017),17.871,,
Chevrolet,Trans Sport,Trans Sport (U),11.2 sec ,15.943,
Chevrolet,Trans Sport,Trans Sport (U),11.2 sec ,16,
Chevrolet,Trans Sport,Trans Sport (U),16.112,,
Chevrolet,Traverse,Traverse II (facelift 2021),14.002,,
Chevrolet,Traverse,Traverse II (facelift 2021),not known,,
Chevrolet,Uplander,Uplander,15.35,,
Chevrolet,Uplander,Uplander,15.472,,
Chevrolet,Uplander,Uplander,16.495,,
Chevrolet,SS,SS (facelift 2016),12.328,,
Chevrolet,SS,SS (facelift 2016),12.328,,
Chevrolet,Suburban,Suburban (GMTK2YC/G),14.075,,
Chevrolet,Suburban,Suburban (GMTK2YC/G),14.363,,
Chevrolet,Suburban,Suburban (GMTK2YC/G),14.84,,
Chevrolet,Suburban,Suburban (GMTK2YC/G),14.639,,
Chevrolet,Suburban,Suburban (GMTK2YC/G),14.84,,
Chevrolet,Suburban,Suburban (GMTK2YC/G),14.639,,
Chevrolet,Orlando,Orlando II,15.885,,
Chevrolet,Orlando,Orlando II,15.769,,
Chevrolet,Corvette,Corvette Coupe (C7),9.86,,
Chevrolet,Corvette,Corvette Coupe (C7),9.86,,
Chevrolet,Corvette,Corvette Coupe (C7),3.7 sec ,10.15,
Chevrolet,Corvette,Corvette Coupe (C7),3.8 sec ,10.15,
Chevrolet,Corvette,Corvette Coupe (C7),4.1 sec ,11.4,
Chevrolet,Corvette,Corvette Coupe (C7),4.2 sec ,11.4,
Chevrolet,Silverado 3500 HD,Silverado 3500 HD II (GMT900) Extended Cab Long Box,15.288,,
Chevrolet,Silverado 3500 HD,Silverado 3500 HD II (GMT900) Extended Cab Long Box,15.532,,
Chevrolet,Silverado 3500 HD,Silverado 3500 HD II (GMT900) Extended Cab Long Box,15.472,,
Chevrolet,Silverado 3500 HD,Silverado 3500 HD II (GMT900) Extended Cab Long Box,15.711,,
Chevrolet,Silverado 3500 HD,Silverado 3500 HD II (GMT900) Extended Cab Long Box,14.773,,
Chevrolet,Silverado 3500 HD,Silverado 3500 HD II (GMT900) Extended Cab Long Box,15.099,,
Chevrolet,Silverado 3500 HD,Silverado 3500 HD II (GMT900) Extended Cab Long Box,15.035,,
Chevrolet,Silverado 3500 HD,Silverado 3500 HD II (GMT900) Extended Cab Long Box,15.288,,
Chevrolet,Silverado 1500,Silverado 1500 IV (facelift 2022) Crew Cab Short Box,13.542,,
Chevrolet,Silverado 1500,Silverado 1500 IV (facelift 2022) Crew Cab Short Box,13.927,,
Chevrolet,Silverado 1500,Silverado 1500 IV (facelift 2022) Crew Cab Short Box,14.148,,
Chevrolet,Silverado 1500,Silverado 1500 IV (facelift 2022) Crew Cab Short Box,14.84,,
Chevrolet,Silverado 1500,Silverado 1500 IV (facelift 2022) Crew Cab Short Box,14.97,,
Chevrolet,Silverado 1500,Silverado 1500 IV (facelift 2022) Crew Cab Short Box,not known,,
Chevrolet,Silverado 1500,Silverado 1500 IV (facelift 2022) Crew Cab Short Box,not known,,
Chevrolet,Silverado 1500,Silverado 1500 IV (facelift 2022) Crew Cab Short Box,14.433,,
Chevrolet,Silverado 1500,Silverado 1500 IV (facelift 2022) Crew Cab Short Box,14.639,,
Chevrolet,Silverado 1500,Silverado 1500 I (facelift 2003) Crew Cab,not known,,
Chevrolet,Silverado 1500,Silverado 1500 I (facelift 2003) Crew Cab,not known,,
Chevrolet,Silverado 1500,Silverado 1500 I (facelift 2003) Crew Cab,not known,,
Chevrolet,Silverado 1500,Silverado 1500 I (facelift 2003) Crew Cab,not known,,
Chevrolet,Silverado 1500,Silverado 1500 I (facelift 2003) Crew Cab,not known,,
Chevrolet,Silverado 1500,Silverado 1500 I (facelift 2003) Crew Cab,not known,,
Chevrolet,Silverado 1500,Silverado 1500 I (facelift 2003) Crew Cab,not known,,
Chevrolet,Silverado 1500,Silverado 1500 I (facelift 2003) Crew Cab,not known,,
Chevrolet,Menlo,Menlo,16.911,,
Chevrolet,Nubira,Nubira Station Wagon,11.9 sec ,16.601,
Chevrolet,Nubira,Nubira Station Wagon,10.4 sec ,16.601,
Chevrolet,Nubira,Nubira Station Wagon,11.4 sec ,17.112,
Chevrolet,Colorado,Colorado II Extended Cab Long Box,13.776,,
Chevrolet,Colorado,Colorado II Extended Cab Long Box,14.075,,
Chevrolet,Colorado,Colorado II Extended Cab Long Box,13.852,,
Chevrolet,Colorado,Colorado II Extended Cab Long Box,14.075,,
Chevrolet,Colorado,Colorado II Extended Cab Long Box,16.706,,
Chevrolet,Colorado,Colorado II Extended Cab Long Box,17.012,,
Chevrolet,Colorado,Colorado II Extended Cab Long Box,15.711,,
Chevrolet,Colorado,Colorado II Extended Cab Long Box,16,,
Chevrolet,Colorado,Colorado II Extended Cab Long Box,15.769,,
Chevrolet,Zafira,Zafira,12.4 sec ,17.162,
Chevrolet,Zafira,Zafira,11.7 sec ,not known,
Chevrolet,Lacetti,Lacetti Sedan,10.7 sec ,16.279,
Chevrolet,Lacetti,Lacetti Sedan,9.5 sec ,16.279,
Chevrolet,Lacetti,Lacetti Sedan,11.5 sec ,16.758,
Chevrolet,Lacetti,Lacetti Sedan,10.7 sec ,16.758,
Chevrolet,Lacetti,Lacetti Sedan,11.6 sec ,17.594,
Chevrolet,Lumina,Lumina APV,16.112,,
Chevrolet,Lumina,Lumina APV,17.917,,
Chevrolet,Cavalier,Cavalier Coupe III (J),15.35,,
Chevrolet,Cavalier,Cavalier Coupe III (J),9 sec ,15.532,
Chevrolet,Cavalier,Cavalier Coupe III (J),9 sec ,15.532,
Chevrolet,Cavalier,Cavalier Coupe III (J),10 sec ,16.441,
Chevrolet,Impala,Impala X,13.463,,
Chevrolet,Impala,Impala X,14.707,,
Chevrolet,Impala,Impala X,15.472,,
Chevrolet,Impala,Impala X,not known,,
Chevrolet,Camaro,Camaro V Convertible,11.4,,
Chevrolet,Camaro,Camaro V Convertible,5.6 sec ,12.423,
Chevrolet,Camaro,Camaro V Convertible,5.4 sec ,12.423,
Chevrolet,Camaro,Camaro V Convertible,13.621,,
Chevrolet,Camaro,Camaro V Convertible,13.621,,
Chevrolet,Silverado 2500 HD,Silverado 2500 HD II (GMT900) Crew Cab Long Box,15.288,,
Chevrolet,Silverado 2500 HD,Silverado 2500 HD II (GMT900) Crew Cab Long Box,15.472,,
Chevrolet,Silverado 2500 HD,Silverado 2500 HD II (GMT900) Crew Cab Long Box,15.35,,
Chevrolet,Silverado 2500 HD,Silverado 2500 HD II (GMT900) Crew Cab Long Box,14.97,,
Chevrolet,SS,SS,12.328,,
Chevrolet,SS,SS,12.328,,
Chevrolet,Corvette,Corvette Convertible (C7),9.86,,
Chevrolet,Corvette,Corvette Convertible (C7),not known,,
Chevrolet,Corvette,Corvette Convertible (C7),3.7 sec ,10.289,
Chevrolet,Corvette,Corvette Convertible (C7),3.8 sec ,10.289,
Chevrolet,Corvette,Corvette Convertible (C7),4.2 sec ,11.726,
Chevrolet,Corvette,Corvette Convertible (C7),4.2 sec ,11.619,
Chevrolet,Corvette,Corvette Convertible (C7),4.1 sec ,11.51,
Chevrolet,Corvette,Corvette Convertible (C7),4.2 sec ,11.51,
Chevrolet,Malibu,"Malibu (XL, facelift 2019)",7.2 sec ,14.002,
Chevrolet,Malibu,"Malibu (XL, facelift 2019)",9.5 sec ,15.592,
Chevrolet,Astra,Astra Sedan,9.1 sec ,15.652,
Chevrolet,Astra,Astra Sedan,not known,,
Chevrolet,Astra,Astra Sedan,16.279,,
Chevrolet,Astra,Astra Sedan,10.6 sec ,15.828,
Chevrolet,Silverado 1500,Silverado 1500 IV (facelift 2022) Regular Cab Standard Box,13.699,,
Chevrolet,Silverado 1500,Silverado 1500 IV (facelift 2022) Regular Cab Standard Box,13.699,,
Chevrolet,Silverado 1500,Silverado 1500 IV (facelift 2022) Regular Cab Standard Box,14.148,,
Chevrolet,Silverado 1500,Silverado 1500 IV (facelift 2022) Regular Cab Standard Box,14.363,,
Chevrolet,Equinox,Equinox III,7.8 sec ,14.221,
Chevrolet,Equinox,Equinox III,9.9 sec ,15.411,
Chevrolet,Equinox,Equinox III,14.221,,
Chevrolet,Equinox,Equinox III,14.002,,
Chevrolet,Equinox,Equinox III,17.405,,
Chevrolet,Equinox,Equinox III,17.112,,
Chevrolet,Equinox,Equinox III,15.943,,
Chevrolet,Equinox,Equinox III,15.652,,
Chevrolet,Silverado 1500,Silverado 1500 IV (facelift 2022) Double Cab Standard Box,13.927,,
Chevrolet,Silverado 1500,Silverado 1500 IV (facelift 2022) Double Cab Standard Box,14.148,,
Chevrolet,Silverado 1500,Silverado 1500 IV (facelift 2022) Double Cab Standard Box,14.905,,
Chevrolet,Silverado 1500,Silverado 1500 IV (facelift 2022) Double Cab Standard Box,15.099,,
Chevrolet,Silverado 1500,Silverado 1500 IV (facelift 2022) Double Cab Standard Box,not known,,
Chevrolet,Silverado 1500,Silverado 1500 IV (facelift 2022) Double Cab Standard Box,not known,,
Chevrolet,Silverado 1500,Silverado 1500 IV (facelift 2022) Double Cab Standard Box,14.433,,
Chevrolet,Silverado 1500,Silverado 1500 IV (facelift 2022) Double Cab Standard Box,14.639,,
Chevrolet,Silverado 2500 HD,Silverado 2500 HD II (GMT900) Extended Cab Long Box,15.162,,
Chevrolet,Silverado 2500 HD,Silverado 2500 HD II (GMT900) Extended Cab Long Box,15.35,,
Chevrolet,Silverado 2500 HD,Silverado 2500 HD II (GMT900) Extended Cab Long Box,14.639,,
Chevrolet,Silverado 2500 HD,Silverado 2500 HD II (GMT900) Extended Cab Long Box,14.84,,
Chevrolet,Camaro,Camaro VI (facelift 2018),10.557,,
Chevrolet,Camaro,Camaro VI (facelift 2018),10.557,,
Chevrolet,Camaro,Camaro VI (facelift 2018),4.4 sec ,11.619,
Chevrolet,Camaro,Camaro VI (facelift 2018),4.6 sec ,11.619,
Chevrolet,Camaro,Camaro VI (facelift 2018),12.699,,
Chevrolet,Camaro,Camaro VI (facelift 2018),12.699,,
Chevrolet,Camaro,Camaro VI (facelift 2018),5.9 sec ,13.382,
Chevrolet,Camaro,Camaro VI (facelift 2018),13.382,,
Chevrolet,Silverado 1500,Silverado 1500 IV Crew Cab Standard Box,13.301,,
Chevrolet,Silverado 1500,Silverado 1500 IV Crew Cab Standard Box,13.852,,
Chevrolet,Silverado 1500,Silverado 1500 IV Crew Cab Standard Box,14.002,,
Chevrolet,Silverado 1500,Silverado 1500 IV Crew Cab Standard Box,14.075,,
Chevrolet,Silverado 1500,Silverado 1500 IV Crew Cab Standard Box,14.075,,
Chevrolet,Silverado 1500,Silverado 1500 IV Crew Cab Standard Box,15.099,,
Chevrolet,Silverado 1500,Silverado 1500 IV Crew Cab Standard Box,15.099,,
Chevrolet,Silverado 1500,Silverado 1500 IV Crew Cab Standard Box,15.288,,
Chevrolet,Silverado 1500,Silverado 1500 IV Crew Cab Standard Box,15.288,,
Chevrolet,Silverado 1500,Silverado 1500 IV Crew Cab Standard Box,14.502,,
Chevrolet,Silverado 1500,Silverado 1500 IV Crew Cab Standard Box,14.707,,
Chevrolet,Cruze,Cruze Sedan (facelift 2013),9.5 sec ,15.828,
Chevrolet,Cruze,Cruze Sedan (facelift 2013),8.5 sec ,15.769,
Chevrolet,Cruze,Cruze Sedan (facelift 2013),10 sec ,16.86,
Chevrolet,Cruze,Cruze Sedan (facelift 2013),10.4 sec ,16.112,
Chevrolet,Cruze,Cruze Sedan (facelift 2013),9.3 sec ,16.056,
Chevrolet,Silverado 2500 HD,"Silverado 2500 HD II (GMT900, facelift 2011) Crew Cab Standard Box",15.162,,
Chevrolet,Silverado 2500 HD,"Silverado 2500 HD II (GMT900, facelift 2011) Crew Cab Standard Box",15.35,,
Chevrolet,Silverado 2500 HD,"Silverado 2500 HD II (GMT900, facelift 2011) Crew Cab Standard Box",15.035,,
Chevrolet,Silverado 2500 HD,"Silverado 2500 HD II (GMT900, facelift 2011) Crew Cab Standard Box",15.225,,
Chevrolet,Malibu,Malibu VIII,15.099,,
Chevrolet,Malibu,Malibu VIII,15.225,,
Chevrolet,Malibu,Malibu VIII,15.472,,
Chevrolet,Malibu,Malibu VIII,10.2 sec ,15.885,
Chevrolet,Malibu,Malibu VIII,9.5 sec ,15.828,
Chevrolet,Malibu,Malibu VIII,14.075,,
Chevrolet,Malibu,Malibu VIII,9.9 sec ,16.441,
Chevrolet,Malibu,Malibu VIII,9.7 sec ,16.333,
Chevrolet,Silverado 1500,Silverado 1500 III (facelift 2016) Regular Cab Long Box,13.776,,
Chevrolet,Silverado 1500,Silverado 1500 III (facelift 2016) Regular Cab Long Box,14.002,,
Chevrolet,Silverado 1500,Silverado 1500 III (facelift 2016) Regular Cab Long Box,14.84,,
Chevrolet,Silverado 1500,Silverado 1500 III (facelift 2016) Regular Cab Long Box,15.099,,
Chevrolet,Colorado,Colorado I,not known,,
Chevrolet,Colorado,Colorado I,not known,,
Chevrolet,Colorado,Colorado I,not known,,
Chevrolet,Colorado,Colorado I,not known,,
Chevrolet,Colorado,Colorado I,not known,,
Chevrolet,Colorado,Colorado I,not known,,
Chevrolet,Colorado,Colorado I,not known,,
Chevrolet,Cavalier,Cavalier IV,16.758,,
Chevrolet,Cavalier,Cavalier IV,16.601,,
Chevrolet,Cavalier,Cavalier IV,16.333,,
Chevrolet,Suburban,Suburban (C/K),not known,,
Chevrolet,Tahoe,Tahoe (GMT410),17.162,,
Chevrolet,Tahoe,Tahoe (GMT410),17.162,,
Chevrolet,Tahoe,Tahoe (GMT410),19.143,,
Chevrolet,Tahoe,Tahoe (GMT410),16.056,,
Chevrolet,Tahoe,Tahoe (GMT410),15.828,,
Chevrolet,Tahoe,Tahoe (GMT410),8.8 sec ,15.532,
Chevrolet,Tahoe,Tahoe (GMT410),15.769,,
Chevrolet,Tahoe,Tahoe (GMT410),15.652,,
Chevrolet,Tahoe,Tahoe (GMT410),not known,,
Chevrolet,Tahoe,Tahoe (GMT410),16.601,,
Chevrolet,Tahoe,Tahoe (GMT410),16.601,,
Chevrolet,Celta,Celta,15.5 sec ,18.228,
Chevrolet,Cruze,Cruze Hatchback II,15.652,,
Chevrolet,Cruze,Cruze Hatchback II,16.601,,
Chevrolet,Cruze,Cruze Hatchback II,16.495,,
Chevrolet,Cruze,Cruze Hatchback II,15.472,,
Chevrolet,Cruze,Cruze Hatchback II,15.472,,
Chevrolet,Silverado 2500 HD,Silverado 2500 HD II (GMT900) Crew Cab Standard Box,15.162,,
Chevrolet,Silverado 2500 HD,Silverado 2500 HD II (GMT900) Crew Cab Standard Box,15.35,,
Chevrolet,Silverado 2500 HD,Silverado 2500 HD II (GMT900) Crew Cab Standard Box,14.639,,
Chevrolet,Silverado 2500 HD,Silverado 2500 HD II (GMT900) Crew Cab Standard Box,14.84,,
Chevrolet,Evanda,Evanda,11.8 sec ,16.809,
Chevrolet,Evanda,Evanda,9.8 sec ,16.809,
Chevrolet,Cruze,Cruze Hatchback II (facelift 2019),15.652,,
Chevrolet,Cruze,Cruze Hatchback II (facelift 2019),not known,,
Chevrolet,Cruze,Cruze Hatchback II (facelift 2019),15.532,,
Chevrolet,Camaro,Camaro I,12.788,,
Chevrolet,Camaro,Camaro I,12.788,,
Chevrolet,Camaro,Camaro I,13.049,,
Chevrolet,Camaro,Camaro I,13.049,,
Chevrolet,Camaro,Camaro I,14.221,,
Chevrolet,Camaro,Camaro I,14.221,,
Chevrolet,Camaro,Camaro I,15.532,,
Chevrolet,Camaro,Camaro I,15.472,,
Chevrolet,Camaro,Camaro I,16,,
Chevrolet,Camaro,Camaro I,16,,
Chevrolet,Malibu,Malibu IV Sport Coupe,15.885,,
Chevrolet,Malibu,Malibu IV Sport Coupe,15.885,,
Chevrolet,Malibu,Malibu IV Sport Coupe,16.056,,
Chevrolet,Malibu,Malibu IV Sport Coupe,16.056,,
Chevrolet,Malibu,Malibu IV Sport Coupe,16,,
Chevrolet,Malibu,Malibu IV Sport Coupe,16.387,,
Chevrolet,Malibu,Malibu IV Sport Coupe,16.86,,
Chevrolet,Malibu,Malibu IV Sport Coupe,17.26,,
Chevrolet,Malibu,Malibu IV Sport Coupe,17.211,,
Chevrolet,Malibu,Malibu IV Sport Coupe,17.452,,
Chevrolet,Malibu,Malibu IV Sport Coupe,17.5,,
Chevrolet,Malibu,Malibu IV Sport Coupe,17.688,,
Chevrolet,Malibu,Malibu IV Sport Coupe,17.452,,
Chevrolet,Malibu,Malibu IV Sport Coupe,17.734,,
Chevrolet,Malibu,Malibu IV Sport Coupe,18.052,,
Chevrolet,Malibu,Malibu IV Sport Coupe,18.655,,
Chevrolet,Malibu,Malibu IV Sport Coupe,18.571,,
Chevrolet,Malibu,Malibu IV Sport Coupe,18.697,,
Chevrolet,Malibu,Malibu IV Sport Coupe,18.655,,
Chevrolet,Epica,Epica,9.9 sec ,16.653,
Chevrolet,Epica,Epica,11.8 sec ,16.601,
Chevrolet,Epica,Epica,9.9 sec ,16.601,
Chevrolet,Montana,Montana II,16.653,,
Chevrolet,Montana,Montana II,17.112,,
Chevrolet,Lova,Lova RV,12.5 sec ,16.333,
Chevrolet,Lova,Lova RV,11.5 sec ,16.279,
Chevrolet,Corvette,Corvette Convertible (C8),10.007,,
Chevrolet,Corvette,Corvette Convertible (C8),11.054,,
Chevrolet,Corvette,Corvette Convertible (C8),3.5 sec ,11.726,
Chevrolet,Corvette,Corvette Convertible (C8),10.557,,
Chevrolet,Bolt EUV,Bolt EUV,15.35,,
Chevrolet,Orlando,Orlando I,11 sec ,16.441,
Chevrolet,Orlando,Orlando I,10.3 sec ,16.441,
Chevrolet,Orlando,Orlando I,10.3 sec ,17.641,
Chevrolet,Orlando,Orlando I,11.6 sec ,16.758,
Chevrolet,Orlando,Orlando I,11.8 sec ,16.809,
Chevrolet,Orlando,Orlando I,11 sec ,16.86,
Chevrolet,Sail/S-RV,Sail III,11.3 sec ,16.224,
Chevrolet,Sail/S-RV,Sail III,12.4 sec ,16.495,
Chevrolet,Cruze,Cruze Sedan II,16.441,,
Chevrolet,Cruze,Cruze Sedan II,16.387,,
Chevrolet,Cruze,Cruze Sedan II,15.411,,
Chevrolet,Cruze,Cruze Sedan II,15.35,,
Chevrolet,Aveo,Aveo II Hatchback,11.3 sec ,16.333,
Chevrolet,Aveo,Aveo II Hatchback,11.7 sec ,16.441,
Chevrolet,Aveo,Aveo II Hatchback,12.2 sec ,16.758,
Chevrolet,Aveo,Aveo II Hatchback,13.1 sec ,16.911,
Chevrolet,Aveo,Aveo II Hatchback,12.6 sec ,17.594,
Chevrolet,Aveo,Aveo II Hatchback,14.2 sec ,18.401,
Chevrolet,Aveo,Aveo II Hatchback,13.4 sec ,17.547,
Chevrolet,Aveo,Aveo II Hatchback,14.3 sec ,18.821,
Chevrolet,SSR,SSR,5.49 sec ,13.382,
Chevrolet,SSR,SSR,5.29 sec ,13.382,
Chevrolet,SSR,SSR,7.6 sec ,14.639,
Chevrolet,Cobalt,Cobalt,14.905,,
Chevrolet,Cobalt,Cobalt,15.885,,
Chevrolet,Cobalt,Cobalt,15.885,,
Chevrolet,Omega,Omega,9.5 sec ,15.769,
Chevrolet,Omega,Omega,10 sec ,15.652,
Chevrolet,Omega,Omega,10 sec ,15.652,
Chevrolet,Omega,Omega,17.162,,
Chevrolet,Omega,Omega,12 sec ,16.86,
Chevrolet,Silverado 2500 HD,"Silverado 2500 HD II (GMT900, facelift 2011) Regular Cab Long Box",14.773,,
Chevrolet,Silverado 2500 HD,"Silverado 2500 HD II (GMT900, facelift 2011) Regular Cab Long Box",15.035,,
Chevrolet,Silverado 2500 HD,"Silverado 2500 HD II (GMT900, facelift 2011) Regular Cab Long Box",14.707,,
Chevrolet,Silverado 2500 HD,"Silverado 2500 HD II (GMT900, facelift 2011) Regular Cab Long Box",14.84,,
Chevrolet,Sonic,Sonic I Hatchback (facelift 2016),16,,
Chevrolet,Sonic,Sonic I Hatchback (facelift 2016),15.885,,
Chevrolet,Sonic,Sonic I Hatchback (facelift 2016),16.112,,
Chevrolet,Sonic,Sonic I Hatchback (facelift 2016),15.885,,
Chevrolet,Classic,Classic,10 sec ,16.224,
Chevrolet,Caprice,Caprice (70),not known,,
Chevrolet,Corvette,Corvette Convertible (C6),4.2 sec ,11.726,
Chevrolet,Corvette,Corvette Convertible (C6),4.2 sec ,11.726,
Chevrolet,Cruze,Cruze Sedan II (facelift 2019),15.711,,
Chevrolet,Cruze,Cruze Sedan II (facelift 2019),not known,,
Chevrolet,Cruze,Cruze Sedan II (facelift 2019),15.472,,
Chevrolet,HHR,HHR,15.35,,
Chevrolet,HHR,HHR,15.35,,
Chevrolet,HHR,HHR,16.387,,
Chevrolet,HHR,HHR,16.387,,
Chevrolet,Camaro,Camaro III Convertible,not known,,
Chevrolet,Omega,Omega (VT),10 sec ,15.288,
Chevrolet,Omega,Omega (VT),10 sec ,15.288,
Chevrolet,Aveo,Aveo II Sedan,11.3 sec ,16.387,
Chevrolet,Aveo,Aveo II Sedan,11.7 sec ,16.495,
Chevrolet,Aveo,Aveo II Sedan,12.2 sec ,16.86,
Chevrolet,Aveo,Aveo II Sedan,13.1 sec ,17.012,
Chevrolet,Aveo,Aveo II Sedan,12.6 sec ,18.007,
Chevrolet,Aveo,Aveo II Sedan,14.2 sec ,19.023,
Chevrolet,Aveo,Aveo II Sedan,13.4 sec ,17.641,
Chevrolet,Aveo,Aveo II Sedan,14.3 sec ,18.902,
Chevrolet,Malibu,Malibu IV Sedan (facelift 1981),18.779,,
Chevrolet,Malibu,Malibu IV Sedan (facelift 1981),18.052,,
Chevrolet,Malibu,Malibu IV Sedan (facelift 1981),19.645,,
Chevrolet,Malibu,Malibu IV Sedan (facelift 1981),17.917,,
Chevrolet,Malibu,Malibu IV Sedan (facelift 1981),17.917,,
Chevrolet,Camaro,Camaro III (facelift 1991) Convertible,not known,,
Chevrolet,Camaro,Camaro III (facelift 1991) Convertible,not known,,
Chevrolet,Aveo,Aveo III Sedan,17.357,,
Chevrolet,Aveo,Aveo III Sedan,17.112,,
Chevrolet,Camaro,Camaro V,not known,,
Chevrolet,Camaro,Camaro V,11.172,,
Chevrolet,Camaro,Camaro V,12.034,,
Chevrolet,Camaro,Camaro V,12.034,,
Chevrolet,Camaro,Camaro V,12.232,,
Chevrolet,Camaro,Camaro V,12.232,,
Chevrolet,Camaro,Camaro V,13.134,,
Chevrolet,Camaro,Camaro V,13.134,,
Chevrolet,Camaro,Camaro V,13.301,,
Chevrolet,Camaro,Camaro V,13.301,,
Chevrolet,Camaro,Camaro V,13.621,,
Chevrolet,Camaro,Camaro V,13.621,,
Chevrolet,Silverado 3500 HD,"Silverado 3500 HD IV (T1XX, facelift 2024) Crew Cab Standard Bed",14.97,,
Chevrolet,Silverado 3500 HD,"Silverado 3500 HD IV (T1XX, facelift 2024) Crew Cab Standard Bed",15.225,,
Chevrolet,Silverado 3500 HD,"Silverado 3500 HD IV (T1XX, facelift 2024) Crew Cab Standard Bed",14.707,,
Chevrolet,Silverado 3500 HD,"Silverado 3500 HD IV (T1XX, facelift 2024) Crew Cab Standard Bed",14.905,,
Chevrolet,Malibu,Malibu VIII (facelift 2014),15.099,,
Chevrolet,Malibu,Malibu VIII (facelift 2014),14.075,,
Chevrolet,Malibu,Malibu IV Wagon (facelift 1981),19.063,,
Chevrolet,Malibu,Malibu IV Wagon (facelift 1981),16.86,,
Chevrolet,Malibu,Malibu IV Wagon (facelift 1981),18.14,,
Chevrolet,Malibu,Malibu IV Wagon (facelift 1981),not known,,
Chevrolet,Malibu,Malibu IV Wagon (facelift 1981),18.184,,
Chevrolet,Malibu,Malibu IV Wagon (facelift 1981),18.184,,
Chevrolet,Agile,Agile,16.653,,
Chevrolet,Agile,Agile,16.601,,
Chevrolet,Agile,Agile,16.962,,
Chevrolet,Agile,Agile,16.911,,
Chevrolet,Monte Carlo,Monte Carlo VI (1W),not known,,
Chevrolet,Monte Carlo,Monte Carlo VI (1W),7 sec ,14.221,
Chevrolet,Monte Carlo,Monte Carlo VI (1W),8.5 sec ,14.97,
Chevrolet,Monte Carlo,Monte Carlo VI (1W),not known,,
Chevrolet,Monte Carlo,Monte Carlo VI (1W),10 sec ,15.472,
Chevrolet,Camaro,Camaro V (facelift 2013),11.172,,
Chevrolet,Camaro,Camaro V (facelift 2013),11.172,,
Chevrolet,Camaro,Camaro V (facelift 2013),11.4,,
Chevrolet,Camaro,Camaro V (facelift 2013),12.232,,
Chevrolet,Camaro,Camaro V (facelift 2013),12.232,,
Chevrolet,Camaro,Camaro V (facelift 2013),12.516,,
Chevrolet,Camaro,Camaro V (facelift 2013),5.4 sec ,12.423,
Chevrolet,Camaro,Camaro V (facelift 2013),13.134,,
Chevrolet,Camaro,Camaro V (facelift 2013),13.218,,
Chevrolet,Tahoe,Tahoe (GMT1YC),not known,,
Chevrolet,Tahoe,Tahoe (GMT1YC),not known,,
Chevrolet,Tahoe,Tahoe (GMT1YC),not known,,
Chevrolet,Tahoe,Tahoe (GMT1YC),not known,,
Chevrolet,Tahoe,Tahoe (GMT1YC),not known,,
Chevrolet,Tahoe,Tahoe (GMT1YC),not known,,
Chevrolet,Trailblazer,Trailblazer II,16.809,,
Chevrolet,Trailblazer,Trailblazer II,15.532,,
Chevrolet,Spark,Spark III (facelift 2013),12.7 sec ,17.688,
Chevrolet,Spark,Spark III (facelift 2013),15.3 sec ,18.861,
Chevrolet,Traverse,Traverse I,15.035,,
Chevrolet,Traverse,Traverse I,14.773,,
Chevrolet,Traverse,Traverse I,15.162,,
Chevrolet,Traverse,Traverse I,14.905,,
Chevrolet,Silverado 3500 HD,Silverado 3500 HD IV (T1XX) Crew Cab Standard Bed,14.84,,
Chevrolet,Silverado 3500 HD,Silverado 3500 HD IV (T1XX) Crew Cab Standard Bed,15.099,,
Chevrolet,Silverado 3500 HD,Silverado 3500 HD IV (T1XX) Crew Cab Standard Bed,14.97,,
Chevrolet,Silverado 3500 HD,Silverado 3500 HD IV (T1XX) Crew Cab Standard Bed,15.162,,
Chevrolet,Tahoe,Tahoe (GMT820),14.97,,
Chevrolet,Tahoe,Tahoe (GMT820),8.8 sec ,15.035,
Chevrolet,Tahoe,Tahoe (GMT820),14.84,,
Chevrolet,Tahoe,Tahoe (GMT820),15.099,,
Chevrolet,Tahoe,Tahoe (GMT820),15.099,,
Chevrolet,Tahoe,Tahoe (GMT820),12 sec ,15.711,
Chevrolet,Tahoe,Tahoe (GMT820),15.225,,
Chevrolet,Tahoe,Tahoe (GMT820),15.035,,
Chevrolet,Tahoe,Tahoe (GMT820),15.472,,
Chevrolet,Tahoe,Tahoe (GMT820),15.225,,
Chevrolet,Bolt EV,Bolt EV,15.225,,
Chevrolet,Bolt EV,Bolt EV,15.225,,
Chevrolet,Silverado 2500 HD,Silverado 2500 HD III (K2XX) Crew Cab Standard Box,14.707,,
Chevrolet,Silverado 2500 HD,Silverado 2500 HD III (K2XX) Crew Cab Standard Box,14.905,,
Chevrolet,Silverado 2500 HD,Silverado 2500 HD III (K2XX) Crew Cab Standard Box,15.225,,
Chevrolet,Silverado 2500 HD,Silverado 2500 HD III (K2XX) Crew Cab Standard Box,15.411,,
Chevrolet,Silverado 2500 HD,Silverado 2500 HD III (K2XX) Crew Cab Standard Box,15.099,,
Chevrolet,Silverado 2500 HD,Silverado 2500 HD III (K2XX) Crew Cab Standard Box,15.288,,
Chevrolet,Silverado 2500 HD,Silverado 2500 HD III (K2XX) Crew Cab Standard Box,not known,,
Chevrolet,Silverado 3500 HD,Silverado 3500 HD III (K2XX) Double Cab Long Box,14.773,,
Chevrolet,Silverado 3500 HD,Silverado 3500 HD III (K2XX) Double Cab Long Box,14.97,,
Chevrolet,Silverado 3500 HD,Silverado 3500 HD III (K2XX) Double Cab Long Box,14.97,,
Chevrolet,Silverado 3500 HD,Silverado 3500 HD III (K2XX) Double Cab Long Box,15.162,,
Chevrolet,Silverado 3500 HD,Silverado 3500 HD III (K2XX) Double Cab Long Box,15.288,,
Chevrolet,Silverado 3500 HD,Silverado 3500 HD III (K2XX) Double Cab Long Box,15.532,,
Chevrolet,Silverado 3500 HD,Silverado 3500 HD III (K2XX) Double Cab Long Box,15.472,,
Chevrolet,Silverado 3500 HD,Silverado 3500 HD III (K2XX) Double Cab Long Box,15.225,,
Chevrolet,Silverado 3500 HD,Silverado 3500 HD III (K2XX) Double Cab Long Box,15.472,,
Chevrolet,Silverado 3500 HD,Silverado 3500 HD III (K2XX) Double Cab Long Box,15.411,,
Chevrolet,Silverado 3500 HD,Silverado 3500 HD III (K2XX) Double Cab Long Box,15.711,,
Chevrolet,Silverado 3500 HD,Silverado 3500 HD III (K2XX) Double Cab Long Box,not known,,
Chevrolet,Silverado 2500 HD,Silverado 2500 HD IV (T1XX) Crew Cab Long Bed,14.84,,
Chevrolet,Silverado 2500 HD,Silverado 2500 HD IV (T1XX) Crew Cab Long Bed,15.035,,
Chevrolet,Silverado 2500 HD,Silverado 2500 HD IV (T1XX) Crew Cab Long Bed,14.97,,
Chevrolet,Silverado 2500 HD,Silverado 2500 HD IV (T1XX) Crew Cab Long Bed,15.162,,
Chevrolet,Silverado 2500 HD,"Silverado 2500 HD IV (T1XX, facelift 2024) Double Cab Long Bed",14.84,,
Chevrolet,Silverado 2500 HD,"Silverado 2500 HD IV (T1XX, facelift 2024) Double Cab Long Bed",15.099,,
Chevrolet,Silverado 2500 HD,"Silverado 2500 HD IV (T1XX, facelift 2024) Double Cab Long Bed",14.571,,
Chevrolet,Silverado 2500 HD,"Silverado 2500 HD IV (T1XX, facelift 2024) Double Cab Long Bed",14.773,,
Chevrolet,Spark,Spark III,12.1 sec ,17.162,
Chevrolet,Spark,Spark III,15.5 sec ,18.184,
Chevrolet,Astro,Astro,16,,
Chevrolet,Astro,Astro,16.962,,
Chevrolet,Astro,Astro,16.601,,
Chevrolet,Astro,Astro,17.062,,
Chevrolet,Astro,Astro,12.5 sec ,17.405,
Chevrolet,Astro,Astro,12.5 sec ,17.012,
Chevrolet,Captiva,Captiva II (facelift 2021),16.86,,
Chevrolet,Captiva,Captiva II (facelift 2021),16.653,,
Chevrolet,Volt,Volt II,16.706,,
Chevrolet,Bolt EV,Bolt EV (facelift 2021),15.225,,
Chevrolet,Celebrity,Celebrity,not known,,
Chevrolet,Celebrity,Celebrity,not known,,
Chevrolet,Niva,Niva,17.162,,
Chevrolet,Niva,Niva,19 sec ,19.455,
Chevrolet,Volt,Volt I,17.062,,
Chevrolet,Volt,Volt I,17.062,,
Chevrolet,Equinox,Equinox III (facelift 2021),15.532,,
Chevrolet,Equinox,Equinox III (facelift 2021),15.828,,
Chevrolet,Silverado 2500 HD,"Silverado 2500 HD IV (T1XX, facelift 2024) Double Cab Standard Bed",14.773,,
Chevrolet,Silverado 2500 HD,"Silverado 2500 HD IV (T1XX, facelift 2024) Double Cab Standard Bed",15.035,,
Chevrolet,Silverado 2500 HD,"Silverado 2500 HD IV (T1XX, facelift 2024) Double Cab Standard Bed",14.502,,
Chevrolet,Silverado 2500 HD,"Silverado 2500 HD IV (T1XX, facelift 2024) Double Cab Standard Bed",14.707,,
Chevrolet,Captiva,Captiva II,not known,,
Chevrolet,Captiva,Captiva II,not known,,
Chevrolet,Silverado 2500 HD,Silverado 2500 HD III (K2XX) Double Cab Standard Box,14.639,,
Chevrolet,Silverado 2500 HD,Silverado 2500 HD III (K2XX) Double Cab Standard Box,14.84,,
Chevrolet,Silverado 2500 HD,Silverado 2500 HD III (K2XX) Double Cab Standard Box,15.099,,
Chevrolet,Silverado 2500 HD,Silverado 2500 HD III (K2XX) Double Cab Standard Box,15.099,,
Chevrolet,Silverado 2500 HD,Silverado 2500 HD III (K2XX) Double Cab Standard Box,14.97,,
Chevrolet,Silverado 2500 HD,Silverado 2500 HD III (K2XX) Double Cab Standard Box,14.97,,
Chevrolet,Silverado 2500 HD,Silverado 2500 HD III (K2XX) Double Cab Standard Box,not known,,
Chevrolet,Suburban,Suburban (GMT400),15.592,,
Chevrolet,Suburban,Suburban (GMT400),16.279,,
Chevrolet,Suburban,Suburban (GMT400),17.78,,
Chevrolet,Suburban,Suburban (GMT400),17.211,,
Chevrolet,Suburban,Suburban (GMT400),18.697,,
Chevrolet,Suburban,Suburban (GMT400),18.655,,
Chevrolet,Suburban,Suburban (GMT400),15.411,,
Chevrolet,Suburban,Suburban (GMT400),16.86,,
Chevrolet,Suburban,Suburban (GMT400),16.653,,
Chevrolet,Silverado 2500 HD,Silverado 2500 HD IV (T1XX) Crew Cab Standard Bed,14.773,,
Chevrolet,Silverado 2500 HD,Silverado 2500 HD IV (T1XX) Crew Cab Standard Bed,14.97,,
Chevrolet,Silverado 2500 HD,Silverado 2500 HD IV (T1XX) Crew Cab Standard Bed,14.905,,
Chevrolet,Silverado 2500 HD,Silverado 2500 HD IV (T1XX) Crew Cab Standard Bed,15.099,,
Chevrolet,Lacetti,Lacetti Hatchback,10.7 sec ,16.279,
Chevrolet,Lacetti,Lacetti Hatchback,9.5 sec ,16.279,
Chevrolet,Lacetti,Lacetti Hatchback,11.5 sec ,16.758,
Chevrolet,Lacetti,Lacetti Hatchback,10.7 sec ,16.758,
Chevrolet,Lacetti,Lacetti Hatchback,11.6 sec ,17.5,
Chevrolet,Aveo,Aveo Sedan,16.548,,
Chevrolet,Aveo,Aveo Sedan,16.548,,
Chevrolet,Aveo,Aveo Sedan,11.9 sec ,17.062,
Chevrolet,Aveo,Aveo Sedan,11.1 sec ,17.062,
Chevrolet,Aveo,Aveo Sedan,12.1 sec ,17.594,
Chevrolet,Aveo,Aveo Sedan,13.7 sec ,18.184,
Chevrolet,Silverado 1500,Silverado 1500 IV (facelift 2022) Crew Cab Standard Box,13.542,,
Chevrolet,Silverado 1500,Silverado 1500 IV (facelift 2022) Crew Cab Standard Box,14.002,,
Chevrolet,Silverado 1500,Silverado 1500 IV (facelift 2022) Crew Cab Standard Box,14.221,,
Chevrolet,Silverado 1500,Silverado 1500 IV (facelift 2022) Crew Cab Standard Box,15.162,,
Chevrolet,Silverado 1500,Silverado 1500 IV (facelift 2022) Crew Cab Standard Box,not known,,
Chevrolet,Silverado 1500,Silverado 1500 IV (facelift 2022) Crew Cab Standard Box,not known,,
Chevrolet,Silverado 1500,Silverado 1500 IV (facelift 2022) Crew Cab Standard Box,14.502,,
Chevrolet,Silverado 1500,Silverado 1500 IV (facelift 2022) Crew Cab Standard Box,14.707,,
Chevrolet,Silverado 2500 HD,"Silverado 2500 HD II (GMT900, facelift 2011) Extended Cab Standard Box",15.035,,
Chevrolet,Silverado 2500 HD,"Silverado 2500 HD II (GMT900, facelift 2011) Extended Cab Standard Box",15.288,,
Chevrolet,Silverado 2500 HD,"Silverado 2500 HD II (GMT900, facelift 2011) Extended Cab Standard Box",14.905,,
Chevrolet,Silverado 2500 HD,"Silverado 2500 HD II (GMT900, facelift 2011) Extended Cab Standard Box",15.162,,
Chevrolet,Cavalier,Cavalier I,not known,,
Chevrolet,Cavalier,Cavalier I,not known,,
Chevrolet,Cavalier,Cavalier I,not known,,
Chevrolet,Trailblazer,Trailblazer III,15.828,,
Chevrolet,Trailblazer,Trailblazer III,16.112,,
Chevrolet,Trailblazer,Trailblazer III,15.769,,
Chevrolet,Trailblazer,Trailblazer III,16.112,,
Chevrolet,Trailblazer,Trailblazer III,15.769,,
Chevrolet,Trailblazer,Trailblazer III,16,,
Chevrolet,Trailblazer,Trailblazer III,16.279,,
Chevrolet,Metro,Metro (MR226),16.809,,
Chevrolet,Metro,Metro (MR226),18.861,,
Chevrolet,Captiva,Captiva I (facelift 2011),8.6 sec ,14.502,
Chevrolet,Captiva,Captiva I (facelift 2011),11 sec ,16.706,
Chevrolet,Captiva,Captiva I (facelift 2011),10.3 sec ,16.653,
Chevrolet,Captiva,Captiva I (facelift 2011),10.5 sec ,16.387,
Chevrolet,Captiva,Captiva I (facelift 2011),9.6 sec ,16.441,
Chevrolet,Captiva,Captiva I (facelift 2011),10.1 sec ,16.495,
Chevrolet,Captiva,Captiva I (facelift 2011),9.9 sec ,16.809,
Chevrolet,Aveo,Aveo Hatchback 3d (facelift 2008),12.3 sec ,17.062,
Chevrolet,Aveo,Aveo Hatchback 3d (facelift 2008),11.9 sec ,17.012,
Chevrolet,Aveo,Aveo Hatchback 3d (facelift 2008),12.8 sec ,17.917,
Chevrolet,Montana,Montana III,16.387,,
Chevrolet,Montana,Montana III,16.387,,
Chevrolet,Suburban,Suburban (GMT900),14.502,,
Chevrolet,Suburban,Suburban (GMT900),14.84,,
Chevrolet,Suburban,Suburban (GMT900),14.707,,
Chevrolet,Suburban,Suburban (GMT900),15.35,,
Chevrolet,Suburban,Suburban (GMT900),15.162,,
Chevrolet,Suburban,Suburban (GMT900),15.35,,
Chevrolet,Suburban,Suburban (GMT900),15.225,,
Chevrolet,Suburban,Suburban (GMT900),15.162,,
Chevrolet,Suburban,Suburban (GMT900),15.472,,
Chevrolet,Suburban,Suburban (GMT900),15.35,,
Chevrolet,Suburban,Suburban (GMT900),15.472,,
Chevrolet,Suburban,Suburban (GMT900),15.35,,
Chevrolet,Camaro,Camaro IV (facelift 1998),not known,,
Chevrolet,Camaro,Camaro IV (facelift 1998),13.049,,
Chevrolet,Camaro,Camaro IV (facelift 1998),12.964,,
Chevrolet,Camaro,Camaro IV (facelift 1998),12.964,,
Chevrolet,Camaro,Camaro IV (facelift 1998),not known,,
Chevrolet,Camaro,Camaro IV (facelift 1998),12.964,,
Chevrolet,Camaro,Camaro IV (facelift 1998),not known,,
Chevrolet,Camaro,Camaro IV (facelift 1998),14.84,,
Chevrolet,Camaro,Camaro IV (facelift 1998),8.5 sec ,15.35,
Chevrolet,Colorado,Colorado II (facelift 2021) Crew Cab Long Box,14.002,,
Chevrolet,Colorado,Colorado II (facelift 2021) Crew Cab Long Box,14.221,,
Chevrolet,Colorado,Colorado II (facelift 2021) Crew Cab Long Box,17.062,,
Chevrolet,Colorado,Colorado II (facelift 2021) Crew Cab Long Box,17.308,,
Chevrolet,Corvette,Corvette Hard top (C5),4.3 sec ,11.933,
Chevrolet,Corvette,Corvette Hard top (C5),4.8 sec ,12.328,
Chevrolet,Cruze,Cruze Hatchback,8.5 sec ,15.828,
Chevrolet,Cruze,Cruze Hatchback,9.8 sec ,15.943,
Chevrolet,Cruze,Cruze Hatchback,10.4 sec ,16,
Chevrolet,Cruze,Cruze Hatchback,10.4 sec ,16,
Chevrolet,Cruze,Cruze Hatchback,10.9 sec ,16.601,
Chevrolet,Monte Carlo,Monte Carlo V,14.571,,
Chevrolet,Monte Carlo,Monte Carlo V,10 sec ,15.943,
Chevrolet,Monza,Monza (China),15.035,,
Chevrolet,Monza,Monza (China),16.333,,
Chevrolet,Omega,Omega Suprema,10 sec ,15.828,
Chevrolet,Omega,Omega Suprema,10 sec ,15.828,
Chevrolet,Silverado 3500 HD,Silverado 3500 HD III (K2XX) Regular Cab Long Box,14.707,,
Chevrolet,Silverado 3500 HD,Silverado 3500 HD III (K2XX) Regular Cab Long Box,14.905,,
Chevrolet,Silverado 3500 HD,Silverado 3500 HD III (K2XX) Regular Cab Long Box,15.162,,
Chevrolet,Silverado 3500 HD,Silverado 3500 HD III (K2XX) Regular Cab Long Box,15.472,,
Chevrolet,Silverado 3500 HD,Silverado 3500 HD III (K2XX) Regular Cab Long Box,14.84,,
Chevrolet,Silverado 3500 HD,Silverado 3500 HD III (K2XX) Regular Cab Long Box,15.162,,
Chevrolet,Silverado 3500 HD,Silverado 3500 HD III (K2XX) Regular Cab Long Box,15.099,,
Chevrolet,Silverado 3500 HD,Silverado 3500 HD III (K2XX) Regular Cab Long Box,15.411,,
Chevrolet,Silverado 3500 HD,Silverado 3500 HD III (K2XX) Regular Cab Long Box,not known,,
Chevrolet,C-10,C-10,not known,,
Chevrolet,Camaro,Camaro I Convertible,13.134,,
Chevrolet,Camaro,Camaro I Convertible,13.134,,
Chevrolet,Camaro,Camaro I Convertible,13.382,,
Chevrolet,Camaro,Camaro I Convertible,13.382,,
Chevrolet,Camaro,Camaro I Convertible,14.639,,
Chevrolet,Camaro,Camaro I Convertible,14.571,,
Chevrolet,Camaro,Camaro I Convertible,15.943,,
Chevrolet,Camaro,Camaro I Convertible,15.943,,
Chevrolet,Camaro,Camaro I Convertible,16.495,,
Chevrolet,Camaro,Camaro I Convertible,16.441,,
Chevrolet,Malibu,Malibu El Camino (Sedan Pickup),not known,,
Chevrolet,Malibu,Malibu El Camino (Sedan Pickup),not known,,
Chevrolet,Malibu,Malibu El Camino (Sedan Pickup),not known,,
Chevrolet,Malibu,Malibu El Camino (Sedan Pickup),not known,,
Chevrolet,Malibu,Malibu El Camino (Sedan Pickup),not known,,
Chevrolet,Malibu,Malibu El Camino (Sedan Pickup),not known,,
Chevrolet,Malibu,Malibu El Camino (Sedan Pickup),not known,,
Chevrolet,Malibu,Malibu El Camino (Sedan Pickup),not known,,
Chevrolet,Malibu,Malibu El Camino (Sedan Pickup),not known,,
Chevrolet,Malibu,Malibu El Camino (Sedan Pickup),not known,,
Chevrolet,Malibu,Malibu El Camino (Sedan Pickup),not known,,
Chevrolet,Malibu,Malibu El Camino (Sedan Pickup),not known,,
Chevrolet,Malibu,Malibu El Camino (Sedan Pickup),not known,,
Chevrolet,Malibu,Malibu El Camino (Sedan Pickup),not known,,
Chevrolet,Malibu,Malibu El Camino (Sedan Pickup),not known,,
Chevrolet,Malibu,Malibu El Camino (Sedan Pickup),not known,,
Chevrolet,Malibu,Malibu El Camino (Sedan Pickup),18.096,,
Chevrolet,Malibu,Malibu El Camino (Sedan Pickup),18.738,,
Chevrolet,Malibu,Malibu El Camino (Sedan Pickup),18.738,,
Chevrolet,Malibu,Malibu El Camino (Sedan Pickup),not known,,
Chevrolet,Malibu,Malibu El Camino (Sedan Pickup),not known,,
Chevrolet,Silverado 3500 HD,Silverado 3500 HD IV (T1XX) Crew Cab Long Bed,14.97,,
Chevrolet,Silverado 3500 HD,Silverado 3500 HD IV (T1XX) Crew Cab Long Bed,15.162,,
Chevrolet,Silverado 3500 HD,Silverado 3500 HD IV (T1XX) Crew Cab Long Bed,15.162,,
Chevrolet,Silverado 3500 HD,Silverado 3500 HD IV (T1XX) Crew Cab Long Bed,15.35,,
Chevrolet,Silverado 3500 HD,Silverado 3500 HD IV (T1XX) Crew Cab Long Bed,15.162,,
Chevrolet,Silverado 3500 HD,Silverado 3500 HD IV (T1XX) Crew Cab Long Bed,15.288,,
Chevrolet,Silverado 3500 HD,Silverado 3500 HD IV (T1XX) Crew Cab Long Bed,15.35,,
Chevrolet,Silverado 3500 HD,Silverado 3500 HD IV (T1XX) Crew Cab Long Bed,15.472,,
Chevrolet,Silverado 1500,Silverado 1500 I Crew Cab,not known,,
Chevrolet,Silverado 1500,Silverado 1500 I Crew Cab,not known,,
Chevrolet,Silverado 1500,Silverado 1500 I Crew Cab,not known,,
Chevrolet,Silverado 1500,Silverado 1500 I Crew Cab,not known,,
Chevrolet,Silverado 1500,Silverado 1500 I Crew Cab,not known,,
Chevrolet,Silverado 1500,Silverado 1500 I Crew Cab,not known,,
Chevrolet,Silverado 1500,Silverado 1500 I Crew Cab,not known,,
Chevrolet,Silverado 1500,Silverado 1500 I Crew Cab,not known,,
Chevrolet,Silverado 1500,Silverado 1500 I Crew Cab,not known,,
Chevrolet,Silverado 1500,Silverado 1500 I Crew Cab,not known,,
Chevrolet,Silverado 1500,Silverado 1500 I Crew Cab,not known,,
Chevrolet,Silverado 1500,Silverado 1500 I Crew Cab,not known,,
Chevrolet,Silverado 3500 HD,Silverado 3500 HD I (facelift 2003) Crew Cab,not known,,
Chevrolet,Silverado 3500 HD,Silverado 3500 HD I (facelift 2003) Crew Cab,not known,,
Chevrolet,Camaro,Camaro VI Convertible,4.6 sec ,11.933,
Chevrolet,Camaro,Camaro VI Convertible,4.8 sec ,11.933,
Chevrolet,Camaro,Camaro VI Convertible,12.964,,
Chevrolet,Camaro,Camaro VI Convertible,13.049,,
Chevrolet,Camaro,Camaro VI Convertible,6.1 sec ,13.776,
Chevrolet,Groove,Groove,17.012,,
Chevrolet,Groove,Groove,16.758,,
Chevrolet,Silverado 3500 HD,Silverado 3500 HD II (GMT900) Regular Cab Long Box,15.162,,
Chevrolet,Silverado 3500 HD,Silverado 3500 HD II (GMT900) Regular Cab Long Box,15.411,,
Chevrolet,Silverado 3500 HD,Silverado 3500 HD II (GMT900) Regular Cab Long Box,14.571,,
Chevrolet,Silverado 3500 HD,Silverado 3500 HD II (GMT900) Regular Cab Long Box,14.639,,
Chevrolet,Silverado 3500 HD,Silverado 3500 HD II (GMT900) Regular Cab Long Box,14.97,,
Chevrolet,Camaro,Camaro VI,10.685,,
Chevrolet,Camaro,Camaro VI,10.557,,
Chevrolet,Camaro,Camaro VI,4.4 sec ,11.726,
Chevrolet,Camaro,Camaro VI,4.6 sec ,11.726,
Chevrolet,Camaro,Camaro VI,12.699,,
Chevrolet,Camaro,Camaro VI,4.6 sec ,12.699,
Chevrolet,Camaro,Camaro VI,5.9 sec ,13.463,
Chevrolet,Nubira,Nubira,9.7 sec ,16.279,
Chevrolet,Nubira,Nubira,9.5 sec ,16.279,
Chevrolet,Nubira,Nubira,11.5 sec ,16.758,
Chevrolet,Nubira,Nubira,10.7 sec ,16.758,
Chevrolet,Nubira,Nubira,11.6 sec ,17.594,
Chevrolet,Silverado 2500 HD,Silverado 2500 HD III (K2XX) Crew Cab Long Box,15.288,,
Chevrolet,Silverado 2500 HD,Silverado 2500 HD III (K2XX) Crew Cab Long Box,15.532,,
Chevrolet,Silverado 2500 HD,Silverado 2500 HD III (K2XX) Crew Cab Long Box,15.162,,
Chevrolet,Silverado 2500 HD,Silverado 2500 HD III (K2XX) Crew Cab Long Box,15.411,,
Chevrolet,Silverado 2500 HD,Silverado 2500 HD III (K2XX) Crew Cab Long Box,not known,,
Chevrolet,Blazer,Blazer (2019) (facelift 2022),13.699,,
Chevrolet,Blazer,Blazer (2019) (facelift 2022),13.927,,
Chevrolet,Blazer,Blazer (2019) (facelift 2022),14.97,,
Chevrolet,Blazer,Blazer (2019) (facelift 2022),15.225,,
Chevrolet,Cavalier,Cavalier II,not known,,
Chevrolet,Cavalier,Cavalier II,not known,,
Chevrolet,Cavalier,Cavalier II,not known,,
Chevrolet,Silverado 1500,Silverado 1500 III Regular Cab,13.621,,
Chevrolet,Silverado 1500,Silverado 1500 III Regular Cab,13.776,,
Chevrolet,Silverado 1500,Silverado 1500 III Regular Cab,14.502,,
Chevrolet,Silverado 1500,Silverado 1500 III Regular Cab,14.707,,
Chevrolet,Viva,Viva,9.5 sec ,16.279,
Chevrolet,Tahoe,Tahoe (GMT900),14.075,,
Chevrolet,Tahoe,Tahoe (GMT900),14.433,,
Chevrolet,Tahoe,Tahoe (GMT900),14.639,,
Chevrolet,Tahoe,Tahoe (GMT900),8.5 sec ,15.099,
Chevrolet,Tahoe,Tahoe (GMT900),14.84,,
Chevrolet,Tahoe,Tahoe (GMT900),15.035,,
Chevrolet,Tahoe,Tahoe (GMT900),14.84,,
Chevrolet,Tahoe,Tahoe (GMT900),15.099,,
Chevrolet,Tahoe,Tahoe (GMT900),15.225,,
Chevrolet,Silverado 3500 HD,"Silverado 3500 HD II (GMT900, facelift 2011) Crew Cab Long Box",15.288,,
Chevrolet,Silverado 3500 HD,"Silverado 3500 HD II (GMT900, facelift 2011) Crew Cab Long Box",15.532,,
Chevrolet,Silverado 3500 HD,"Silverado 3500 HD II (GMT900, facelift 2011) Crew Cab Long Box",15.472,,
Chevrolet,Silverado 3500 HD,"Silverado 3500 HD II (GMT900, facelift 2011) Crew Cab Long Box",15.769,,
Chevrolet,Silverado 3500 HD,"Silverado 3500 HD II (GMT900, facelift 2011) Crew Cab Long Box",15.225,,
Chevrolet,Silverado 3500 HD,"Silverado 3500 HD II (GMT900, facelift 2011) Crew Cab Long Box",15.532,,
Chevrolet,Silverado 3500 HD,"Silverado 3500 HD II (GMT900, facelift 2011) Crew Cab Long Box",15.472,,
Chevrolet,Silverado 3500 HD,"Silverado 3500 HD II (GMT900, facelift 2011) Crew Cab Long Box",15.769,,
Chevrolet,Corsica,Corsica,15.035,,
Chevrolet,Corsica,Corsica,16.441,,
Chevrolet,Cavalier,Cavalier Convertible III (J),15.472,,
Chevrolet,Cavalier,Cavalier Convertible III (J),10 sec ,16.86,
Chevrolet,Traverse,Traverse I (facelift 2012),15.035,,
Chevrolet,Traverse,Traverse I (facelift 2012),14.773,,
Chevrolet,Traverse,Traverse I (facelift 2012),15.162,,
Chevrolet,Traverse,Traverse I (facelift 2012),14.905,,
Chevrolet,Corvette,Corvette Coupe (C8),10.007,,
Chevrolet,Corvette,Corvette Coupe (C8),11.054,,
Chevrolet,Corvette,Corvette Coupe (C8),3.5 sec ,11.619,
Chevrolet,Corvette,Corvette Coupe (C8),10.425,,
Chevrolet,Trailblazer,Trailblazer II (facelift 2016),not known,,
Chevrolet,Trailblazer,Trailblazer II (facelift 2016),not known,,
Chevrolet,Trailblazer,Trailblazer II (facelift 2016),not known,,
Chevrolet,Montana,Montana I,16.495,,
Chevrolet,Montana,Montana I,16.962,,
Chevrolet,Montana,Montana I,16.809,,
Chevrolet,Blazer,"Blazer II (2-door, facelift 1998)",not known,,
Chevrolet,Blazer,"Blazer II (2-door, facelift 1998)",not known,,
Chevrolet,Blazer,"Blazer II (2-door, facelift 1998)",not known,,
Chevrolet,Blazer,"Blazer II (2-door, facelift 1998)",not known,,
Chevrolet,Silverado 2500 HD,Silverado 2500 HD II (GMT900) Regular Cab Long Box,14.84,,
Chevrolet,Silverado 2500 HD,Silverado 2500 HD II (GMT900) Regular Cab Long Box,15.035,,
Chevrolet,Silverado 2500 HD,Silverado 2500 HD II (GMT900) Regular Cab Long Box,14.221,,
Chevrolet,Silverado 2500 HD,Silverado 2500 HD II (GMT900) Regular Cab Long Box,14.502,,
Chevrolet,Silverado 3500 HD,"Silverado 3500 HD IV (T1XX, facelift 2024) Double Cab Long Bed",14.97,,
Chevrolet,Silverado 3500 HD,"Silverado 3500 HD IV (T1XX, facelift 2024) Double Cab Long Bed",15.225,,
Chevrolet,Silverado 3500 HD,"Silverado 3500 HD IV (T1XX, facelift 2024) Double Cab Long Bed",15.162,,
Chevrolet,Silverado 3500 HD,"Silverado 3500 HD IV (T1XX, facelift 2024) Double Cab Long Bed",15.472,,
Chevrolet,Silverado 3500 HD,"Silverado 3500 HD IV (T1XX, facelift 2024) Double Cab Long Bed",14.639,,
Chevrolet,Silverado 3500 HD,"Silverado 3500 HD IV (T1XX, facelift 2024) Double Cab Long Bed",14.905,,
Chevrolet,Silverado 3500 HD,"Silverado 3500 HD IV (T1XX, facelift 2024) Double Cab Long Bed",14.84,,
Chevrolet,Silverado 3500 HD,"Silverado 3500 HD IV (T1XX, facelift 2024) Double Cab Long Bed",15.099,,
Chevrolet,Camaro,Camaro IV (facelift 1998) Convertible,13.218,,
Chevrolet,Camaro,Camaro IV (facelift 1998) Convertible,13.218,,
Chevrolet,Camaro,Camaro IV (facelift 1998) Convertible,6 sec ,13.134,
Chevrolet,Camaro,Camaro IV (facelift 1998) Convertible,5.5 sec ,13.134,
Chevrolet,Camaro,Camaro IV (facelift 1998) Convertible,not known,,
Chevrolet,Camaro,Camaro IV (facelift 1998) Convertible,15.035,,
Chevrolet,Camaro,Camaro IV (facelift 1998) Convertible,15.035,,
Chevrolet,Camaro,Camaro IV (facelift 1998) Convertible,8.5 sec ,15.472,
Chevrolet,Monza,Monza (Brazil),10 sec ,16.168,
Chevrolet,Monza,Monza (Brazil),12 sec ,16.758,
Chevrolet,Silverado 3500 HD,"Silverado 3500 HD II (GMT900, facelift 2011) Crew Cab Standard Box",15.225,,
Chevrolet,Silverado 3500 HD,"Silverado 3500 HD II (GMT900, facelift 2011) Crew Cab Standard Box",15.411,,
Chevrolet,Silverado 3500 HD,"Silverado 3500 HD II (GMT900, facelift 2011) Crew Cab Standard Box",15.162,,
Chevrolet,Silverado 3500 HD,"Silverado 3500 HD II (GMT900, facelift 2011) Crew Cab Standard Box",15.35,,
Chevrolet,Trax,Trax I,9.4 sec ,16.86,
Chevrolet,Trax,Trax I,10.5 sec ,16.706,
Chevrolet,Trax,Trax I,9.6 sec ,16.653,
Chevrolet,Trax,Trax I,12.3 sec ,16.962,
Chevrolet,Trax,Trax I,9.8 sec ,16.279,
Chevrolet,Geo Storm,Geo Storm,7.1 sec ,not known,
Chevrolet,Geo Storm,Geo Storm,8 sec ,not known,
Chevrolet,Geo Storm,Geo Storm,8 sec ,not known,
Chevrolet,Geo Storm,Geo Storm,not known,,
Chevrolet,Astra,Astra,17.547,,
Chevrolet,Astra,Astra,9.1 sec ,15.532,
Chevrolet,Astra,Astra,9.8 sec ,15.532,
Chevrolet,Astra,Astra,10.6 sec ,16.279,
Chevrolet,Astra,Astra,10.6 sec ,16.112,
Chevrolet,Traverse,Traverse II,14.002,,
Chevrolet,Traverse,Traverse II,14.002,,
Chevrolet,Traverse,Traverse II,14.97,,
Chevrolet,Malibu,Malibu IV Station Wagon,16.056,,
Chevrolet,Malibu,Malibu IV Station Wagon,16.279,,
Chevrolet,Malibu,Malibu IV Station Wagon,16.168,,
Chevrolet,Malibu,Malibu IV Station Wagon,16.112,,
Chevrolet,Malibu,Malibu IV Station Wagon,16.333,,
Chevrolet,Malibu,Malibu IV Station Wagon,16.279,,
Chevrolet,Malibu,Malibu IV Station Wagon,16.653,,
Chevrolet,Malibu,Malibu IV Station Wagon,17.062,,
Chevrolet,Malibu,Malibu IV Station Wagon,17.547,,
Chevrolet,Malibu,Malibu IV Station Wagon,17.5,,
Chevrolet,Malibu,Malibu IV Station Wagon,17.688,,
Chevrolet,Malibu,Malibu IV Station Wagon,17.962,,
Chevrolet,Malibu,Malibu IV Station Wagon,17.78,,
Chevrolet,Malibu,Malibu IV Station Wagon,17.688,,
Chevrolet,Malibu,Malibu IV Station Wagon,18.007,,
Chevrolet,Malibu,Malibu IV Station Wagon,18.358,,
Chevrolet,Malibu,Malibu IV Station Wagon,18.983,,
Chevrolet,Malibu,Malibu IV Station Wagon,18.943,,
Chevrolet,Malibu,Malibu IV Station Wagon,19.023,,
Chevrolet,Malibu,Malibu IV Station Wagon,18.943,,
Chevrolet,Silverado 2500 HD,Silverado 2500 HD IV (T1XX) Double Cab Long Bed,14.773,,
Chevrolet,Silverado 2500 HD,Silverado 2500 HD IV (T1XX) Double Cab Long Bed,14.97,,
Chevrolet,Silverado 2500 HD,Silverado 2500 HD IV (T1XX) Double Cab Long Bed,14.905,,
Chevrolet,Silverado 2500 HD,Silverado 2500 HD IV (T1XX) Double Cab Long Bed,15.099,,
Chevrolet,Venture,Venture (U),13.2 sec ,15.711,
Chevrolet,Venture,Venture (U),11.2 sec ,15.711,
Chevrolet,Venture,Venture (U),10.4 sec ,16.112,
Chevrolet,Venture,Venture (U),15.943,,
Chevrolet,Camaro,Camaro VI (facelift 2018) Convertible,10.811,,
Chevrolet,Camaro,Camaro VI (facelift 2018) Convertible,10.685,,
Chevrolet,Camaro,Camaro VI (facelift 2018) Convertible,4.6 sec ,11.933,
Chevrolet,Camaro,Camaro VI (facelift 2018) Convertible,4.8 sec ,11.933,
Chevrolet,Camaro,Camaro VI (facelift 2018) Convertible,12.964,,
Chevrolet,Camaro,Camaro VI (facelift 2018) Convertible,13.049,,
Chevrolet,Camaro,Camaro VI (facelift 2018) Convertible,6.1 sec ,13.699,
Chevrolet,Camaro,Camaro VI (facelift 2018) Convertible,13.776,,
Chevrolet,Corvette,Corvette Targa (C7),4.2 sec ,11.619,
Chevrolet,Corvette,Corvette Targa (C7),4.2 sec ,11.51,
Chevrolet,Spark,Spark IV (facelift 2018),16.601,,
Chevrolet,Spark,Spark IV (facelift 2018),16.548,,
Chevrolet,Van,Van II,not known,,
Chevrolet,Van,Van II,not known,,
Chevrolet,Van,Van II,not known,,
Chevrolet,Van,Van II,not known,,
Chevrolet,Alero,Alero (GM P90),9.5 sec ,15.411,
Chevrolet,Alero,Alero (GM P90),10.6 sec ,16.279,
Chevrolet,Alero,Alero (GM P90),10.6 sec ,16.279,
Chevrolet,Malibu,Malibu VI,14.84,,
Chevrolet,Malibu,Malibu VI,16.279,,
Chevrolet,Malibu,Malibu VI,16.333,,
Chevrolet,Silverado 1500,Silverado 1500 IV (facelift 2022) Regular Cab Long Box,13.699,,
Chevrolet,Silverado 1500,Silverado 1500 IV (facelift 2022) Regular Cab Long Box,13.927,,
Chevrolet,Silverado 1500,Silverado 1500 IV (facelift 2022) Regular Cab Long Box,14.221,,
Chevrolet,Silverado 1500,Silverado 1500 IV (facelift 2022) Regular Cab Long Box,14.502,,
Chevrolet,Silverado 1500,Silverado 1500 III (facelift 2016) Crew Cab Short Box,13.301,,
Chevrolet,Silverado 1500,Silverado 1500 III (facelift 2016) Crew Cab Short Box,13.542,,
Chevrolet,Silverado 1500,Silverado 1500 III (facelift 2016) Crew Cab Short Box,14.075,,
Chevrolet,Silverado 1500,Silverado 1500 III (facelift 2016) Crew Cab Short Box,14.075,,
Chevrolet,Silverado 1500,Silverado 1500 III (facelift 2016) Crew Cab Short Box,14.363,,
Chevrolet,Silverado 1500,Silverado 1500 III (facelift 2016) Crew Cab Short Box,14.363,,
Chevrolet,Silverado 1500,Silverado 1500 III (facelift 2016) Crew Cab Short Box,15.162,,
Chevrolet,Silverado 1500,Silverado 1500 III (facelift 2016) Crew Cab Short Box,15.411,,
Chevrolet,Silverado 1500,Silverado 1500 IV Regular Cab Long Box,13.542,,
Chevrolet,Silverado 1500,Silverado 1500 IV Regular Cab Long Box,13.776,,
Chevrolet,Silverado 1500,Silverado 1500 IV Regular Cab Long Box,not known,,
Chevrolet,Silverado 1500,Silverado 1500 IV Regular Cab Long Box,not known,,
Chevrolet,Silverado 3500 HD,"Silverado 3500 HD II (GMT900, facelift 2011) Extended Cab Long Box",14.97,,
Chevrolet,Silverado 3500 HD,"Silverado 3500 HD II (GMT900, facelift 2011) Extended Cab Long Box",15.472,,
Chevrolet,Silverado 3500 HD,"Silverado 3500 HD II (GMT900, facelift 2011) Extended Cab Long Box",15.35,,
Chevrolet,Silverado 3500 HD,"Silverado 3500 HD II (GMT900, facelift 2011) Extended Cab Long Box",15.652,,
Chevrolet,Silverado 3500 HD,"Silverado 3500 HD II (GMT900, facelift 2011) Extended Cab Long Box",15.099,,
Chevrolet,Silverado 3500 HD,"Silverado 3500 HD II (GMT900, facelift 2011) Extended Cab Long Box",15.411,,
Chevrolet,Silverado 3500 HD,"Silverado 3500 HD II (GMT900, facelift 2011) Extended Cab Long Box",15.711,,
Chevrolet,Silverado 3500 HD,"Silverado 3500 HD II (GMT900, facelift 2011) Extended Cab Long Box",15.652,,
Chevrolet,Caprice,Caprice,14.502,,
Chevrolet,Caprice,Caprice,9 sec ,15.828,
Chevrolet,Caprice,Caprice,10.5 sec ,16.495,
Chevrolet,Caprice,Caprice,15.828,,
Chevrolet,Malibu,Malibu VI (facelift 2006),14.148,,
Chevrolet,Malibu,Malibu VI (facelift 2006),14.433,,
Chevrolet,Malibu,Malibu VI (facelift 2006),14.84,,
Chevrolet,Malibu,Malibu VI (facelift 2006),16.548,,
Chevrolet,Silverado 2500 HD,"Silverado 2500 HD IV (T1XX, facelift 2024) Crew Cab Long Bed",14.905,,
Chevrolet,Silverado 2500 HD,"Silverado 2500 HD IV (T1XX, facelift 2024) Crew Cab Long Bed",15.162,,
Chevrolet,Silverado 2500 HD,"Silverado 2500 HD IV (T1XX, facelift 2024) Crew Cab Long Bed",14.639,,
Chevrolet,Silverado 2500 HD,"Silverado 2500 HD IV (T1XX, facelift 2024) Crew Cab Long Bed",14.84,,
Chevrolet,Tracker,Tracker Convertible II,14.773,,
Chevrolet,Tracker,Tracker Convertible II,14.773,,
Chevrolet,Tracker,Tracker Convertible II,16.112,,
Chevrolet,Tracker,Tracker Convertible II,15.828,,
Chevrolet,Tracker,Tracker Convertible II,16.333,,
Chevrolet,Tracker,Tracker Convertible II,16.279,,
Chevrolet,Tracker,Tracker Convertible II,17.688,,
Chevrolet,Tracker,Tracker Convertible II,16.809,,
Chevrolet,Beretta,Beretta,15.411,,
Chevrolet,Beretta,Beretta,15.652,,
Chevrolet,Beretta,Beretta,16.056,,
Chevrolet,Beretta,Beretta,11.2 sec ,16.441,
Chevrolet,Beretta,Beretta,11.2 sec ,16.441,
Chevrolet,Trailblazer,Trailblazer I,5.7 sec ,13.382,
Chevrolet,Trailblazer,Trailblazer I,5.5 sec ,13.218,
Chevrolet,Trailblazer,Trailblazer I,8.7 sec ,14.773,
Chevrolet,Trailblazer,Trailblazer I,15.035,,
Chevrolet,Trailblazer,Trailblazer I,15.099,,
Chevrolet,Trailblazer,Trailblazer I,14.905,,
Chevrolet,Trailblazer,Trailblazer I,not known,,
Chevrolet,Trailblazer,Trailblazer I,not known,,
Chevrolet,Trailblazer,Trailblazer I,15.035,,
Chevrolet,Trailblazer,Trailblazer I,9.4 sec ,14.84,
Chevrolet,Trailblazer,Trailblazer I,9.4 sec ,14.707,
Chevrolet,Trailblazer,Trailblazer I,8 sec ,14.502,
Chevrolet,Trailblazer,Trailblazer I,9 sec ,14.84,
Chevrolet,Trailblazer,Trailblazer I,9 sec ,14.639,
Chevrolet,Trailblazer,Trailblazer I,9 sec ,14.84,
Chevrolet,Trailblazer,Trailblazer I,9 sec ,14.639,
Chevrolet,Trailblazer,Trailblazer I,9 sec ,14.97,
Chevrolet,Onix,Onix II,17.162,,
Chevrolet,Onix,Onix II,15.885,,
Chevrolet,Onix,Onix II,15.943,,
Chevrolet,Onix,Onix II,16.112,,
Chevrolet,Onix,Onix II,15.943,,
Chevrolet,Onix,Onix II,18.007,,
Chevrolet,LUV D-MAX,LUV D-MAX,not known,,
Chevrolet,LUV D-MAX,LUV D-MAX,not known,,
Chevrolet,LUV D-MAX,LUV D-MAX,not known,,
Chevrolet,LUV D-MAX,LUV D-MAX,not known,,
Chevrolet,Captiva,Captiva I (facelift 2013),16.056,,
Chevrolet,Captiva,Captiva I (facelift 2013),9.3 sec ,14.571,
Chevrolet,Captiva,Captiva I (facelift 2013),11.1 sec ,16.809,
Chevrolet,Captiva,Captiva I (facelift 2013),10.3 sec ,16.706,
Chevrolet,Captiva,Captiva I (facelift 2013),10.5 sec ,16.387,
Chevrolet,Captiva,Captiva I (facelift 2013),11 sec ,16.495,
Chevrolet,Captiva,Captiva I (facelift 2013),9.7 sec ,16.441,
Chevrolet,Captiva,Captiva I (facelift 2013),11 sec ,17.112,
Chevrolet,Captiva,Captiva I (facelift 2013),11.1 sec ,16.962,
Chevrolet,Captiva,Captiva I (facelift 2013),10.4 sec ,16.809,
Chevrolet,Silverado 1500,Silverado 1500 III (facelift 2016) Regular Cab Standard Box,13.621,,
Chevrolet,Silverado 1500,Silverado 1500 III (facelift 2016) Regular Cab Standard Box,13.852,,
Chevrolet,Silverado 1500,Silverado 1500 III (facelift 2016) Regular Cab Standard Box,14.639,,
Chevrolet,Silverado 1500,Silverado 1500 III (facelift 2016) Regular Cab Standard Box,14.905,,
Chevrolet,Spark,Spark EV,16.112,,
Chevrolet,Spark,Spark EV,15.943,,
Chevrolet,Silverado 1500,Silverado 1500 III Double Cab,13.382,,
Chevrolet,Silverado 1500,Silverado 1500 III Double Cab,13.621,,
Chevrolet,Silverado 1500,Silverado 1500 III Double Cab,14.002,,
Chevrolet,Silverado 1500,Silverado 1500 III Double Cab,14.221,,
Chevrolet,Silverado 1500,Silverado 1500 III Double Cab,15.099,,
Chevrolet,Silverado 1500,Silverado 1500 III Double Cab,15.225,,
Chevrolet,Spin,Spin,not known,,
Chevrolet,Spin,Spin,not known,,
Chevrolet,Silverado 2500 HD,"Silverado 2500 HD IV (T1XX, facelift 2024) Crew Cab Standard Bed",14.905,,
Chevrolet,Silverado 2500 HD,"Silverado 2500 HD IV (T1XX, facelift 2024) Crew Cab Standard Bed",15.099,,
Chevrolet,Silverado 2500 HD,"Silverado 2500 HD IV (T1XX, facelift 2024) Crew Cab Standard Bed",14.571,,
Chevrolet,Silverado 2500 HD,"Silverado 2500 HD IV (T1XX, facelift 2024) Crew Cab Standard Bed",14.773,,
Chevrolet,Camaro,Camaro V (facelift 2013) Convertible,11.4,,
Chevrolet,Camaro,Camaro V (facelift 2013) Convertible,11.4,,
Chevrolet,Camaro,Camaro V (facelift 2013) Convertible,12.516,,
Chevrolet,Camaro,Camaro V (facelift 2013) Convertible,12.423,,
Chevrolet,Camaro,Camaro V (facelift 2013) Convertible,12.788,,
Chevrolet,Camaro,Camaro V (facelift 2013) Convertible,12.699,,
Chevrolet,Camaro,Camaro V (facelift 2013) Convertible,13.463,,
Chevrolet,Camaro,Camaro V (facelift 2013) Convertible,13.463,,
Chevrolet,Corvette,Corvette Coupe (C4),12.134,,
Chevrolet,Corvette,Corvette Coupe (C4),12.964,,
Chevrolet,Corvette,Corvette Coupe (C4),5.1 sec ,13.382,
Chevrolet,Corvette,Corvette Coupe (C4),5.1 sec ,13.382,
Chevrolet,Bel Air,Bel Air,not known,,
Chevrolet,Bel Air,Bel Air,not known,,
Chevrolet,Silverado 2500 HD,Silverado 2500 HD IV (T1XX) Regular Cab Long Bed,14.433,,
Chevrolet,Silverado 2500 HD,Silverado 2500 HD IV (T1XX) Regular Cab Long Bed,14.707,,
Chevrolet,Silverado 2500 HD,Silverado 2500 HD IV (T1XX) Regular Cab Long Bed,14.571,,
Chevrolet,Silverado 2500 HD,Silverado 2500 HD IV (T1XX) Regular Cab Long Bed,14.773,,
Chevrolet,Blazer,Blazer (2019),9.4 sec ,15.411,
Chevrolet,Blazer,Blazer (2019),9.4 sec ,15.35,
Chevrolet,Blazer,Blazer (2019),9.0 sec ,15.099,
Chevrolet,Blazer,Blazer (2019),9.0 sec ,14.97,
Chevrolet,Blazer,Blazer (2019),13.927,,
Chevrolet,Blazer,Blazer (2019),13.699,,
Chevrolet,Blazer,Blazer (2019),15.711,,
Chevrolet,Blazer,Blazer (2019),14.97,,
Chevrolet,Blazer,Blazer (2019),15.288,,
Chevrolet,Cavalier,Cavalier III (J),15.162,,
Chevrolet,Cavalier,Cavalier III (J),9 sec ,15.652,
Chevrolet,Cavalier,Cavalier III (J),9 sec ,15.652,
Chevrolet,Cavalier,Cavalier III (J),16.112,,
Chevrolet,Cavalier,Cavalier III (J),10 sec ,16.548,
Chevrolet,Lanos,Lanos,12.5 sec ,not known,
Chevrolet,Camaro,Camaro III,not known,,
Chevrolet,Camaro,Camaro III,not known,,
Chevrolet,Camaro,Camaro III,not known,,
Chevrolet,Camaro,Camaro III,not known,,
Chevrolet,Camaro,Camaro III,not known,,
Chevrolet,Camaro,Camaro III,not known,,
Chevrolet,Malibu,Malibu (XL),9.1 sec ,14.773,
Chevrolet,Malibu,Malibu (XL),9.5 sec ,15.35,
Chevrolet,Malibu,Malibu (XL),9.5 sec ,15.411,
Chevrolet,Malibu,Malibu (XL),8.8 sec ,15.35,
Chevrolet,Colorado,Colorado II (facelift 2021) Crew Cab Short Box,13.927,,
Chevrolet,Colorado,Colorado II (facelift 2021) Crew Cab Short Box,14.148,,
Chevrolet,Colorado,Colorado II (facelift 2021) Crew Cab Short Box,16.962,,
Chevrolet,Colorado,Colorado II (facelift 2021) Crew Cab Short Box,17.211,,
Chevrolet,Colorado,Colorado II (facelift 2021) Crew Cab Short Box,15.828,,
Chevrolet,Equinox,Equinox,9 sec ,15.885,
Chevrolet,Equinox,Equinox,9 sec ,15.652,
Chevrolet,Cruze,Cruze Sedan,9.4 sec ,15.711,
Chevrolet,Cruze,Cruze Sedan,8.5 sec ,15.652,
Chevrolet,Cruze,Cruze Sedan,10 sec ,16.333,
Chevrolet,Cruze,Cruze Sedan,10 sec ,16.333,
Chevrolet,Cruze,Cruze Sedan,10.2 sec ,15.828,
Chevrolet,Cruze,Cruze Sedan,11.1 sec ,15.943,
Chevrolet,Cruze,Cruze Sedan,10 sec ,16.168,
Chevrolet,Cruze,Cruze Sedan,10 sec ,16.86,
Chevrolet,Cruze,Cruze Sedan,10.9 sec ,16.548,
Chevrolet,Cruze,Cruze Sedan,12.5 sec ,17.357,
Chevrolet,Cruze,Cruze Sedan,12.5 sec ,17.357,
Chevrolet,Impala,Impala VII,14.502,,
Chevrolet,Malibu,Malibu Maxx (facelift 2006),14.363,,
Chevrolet,Silverado 2500 HD,Silverado 2500 HD III (K2XX) Double Cab Long Box,14.707,,
Chevrolet,Silverado 2500 HD,Silverado 2500 HD III (K2XX) Double Cab Long Box,14.905,,
Chevrolet,Silverado 2500 HD,Silverado 2500 HD III (K2XX) Double Cab Long Box,15.225,,
Chevrolet,Silverado 2500 HD,Silverado 2500 HD III (K2XX) Double Cab Long Box,15.288,,
Chevrolet,Silverado 2500 HD,Silverado 2500 HD III (K2XX) Double Cab Long Box,15.035,,
Chevrolet,Silverado 2500 HD,Silverado 2500 HD III (K2XX) Double Cab Long Box,15.288,,
Chevrolet,Silverado 2500 HD,Silverado 2500 HD III (K2XX) Double Cab Long Box,not known,,
Chevrolet,Trax,Trax II,not known,,
Chevrolet,Camaro,Camaro III (facelift 1991),not known,,
Chevrolet,Camaro,Camaro III (facelift 1991),not known,,
Chevrolet,Silverado 1500,Silverado 1500 III (facelift 2016) Double Cab Standard Box,13.301,,
Chevrolet,Silverado 1500,Silverado 1500 III (facelift 2016) Double Cab Standard Box,13.542,,
Chevrolet,Silverado 1500,Silverado 1500 III (facelift 2016) Double Cab Standard Box,14.075,,
Chevrolet,Silverado 1500,Silverado 1500 III (facelift 2016) Double Cab Standard Box,14.075,,
Chevrolet,Silverado 1500,Silverado 1500 III (facelift 2016) Double Cab Standard Box,14.292,,
Chevrolet,Silverado 1500,Silverado 1500 III (facelift 2016) Double Cab Standard Box,14.292,,
Chevrolet,Silverado 1500,Silverado 1500 III (facelift 2016) Double Cab Standard Box,15.099,,
Chevrolet,Silverado 1500,Silverado 1500 III (facelift 2016) Double Cab Standard Box,15.35,,
Chevrolet,Aveo,Aveo III Hatchback,17.26,,
Chevrolet,Aveo,Aveo III Hatchback,17.012,,
Chevrolet,Spark,Spark II,12.9 sec ,17.641,
Chevrolet,Spark,Spark II,18.2 sec ,18.655,
Chevrolet,Spark,Spark II,17.6 sec ,18.655,
Chevrolet,Blazer,Blazer II,15.162,,
Chevrolet,Blazer,Blazer II,15.411,,
Chevrolet,Blazer,Blazer II,16.112,,
Chevrolet,Blazer,Blazer II,15.828,,
Chevrolet,Blazer,Blazer II,15.828,,
Chevrolet,Malibu,Malibu IX,13.542,,
Chevrolet,Malibu,Malibu IX,15.411,,
Chevrolet,Malibu,Malibu IX,15.532,,
Chevrolet,Silverado 3500 HD,"Silverado 3500 HD IV (T1XX, facelift 2024) Crew Cab Long Bed",15.035,,
Chevrolet,Silverado 3500 HD,"Silverado 3500 HD IV (T1XX, facelift 2024) Crew Cab Long Bed",15.288,,
Chevrolet,Silverado 3500 HD,"Silverado 3500 HD IV (T1XX, facelift 2024) Crew Cab Long Bed",15.225,,
Chevrolet,Silverado 3500 HD,"Silverado 3500 HD IV (T1XX, facelift 2024) Crew Cab Long Bed",15.35,,
Chevrolet,Silverado 3500 HD,"Silverado 3500 HD IV (T1XX, facelift 2024) Crew Cab Long Bed",14.707,,
Chevrolet,Silverado 3500 HD,"Silverado 3500 HD IV (T1XX, facelift 2024) Crew Cab Long Bed",14.97,,
Chevrolet,Silverado 3500 HD,"Silverado 3500 HD IV (T1XX, facelift 2024) Crew Cab Long Bed",14.905,,
Chevrolet,Silverado 3500 HD,"Silverado 3500 HD IV (T1XX, facelift 2024) Crew Cab Long Bed",15.162,,
Chevrolet,Metro,Metro Sedan (MR226),17.062,,
Chevrolet,Metro,Metro Sedan (MR226),17.062,,
Chevrolet,Cruze,Cruze Hatchback (facelift 2013),9.5 sec ,15.943,
Chevrolet,Cruze,Cruze Hatchback (facelift 2013),9.2 sec ,15.828,
Chevrolet,Cruze,Cruze Hatchback (facelift 2013),10.2 sec ,16.86,
Chevrolet,Cruze,Cruze Hatchback (facelift 2013),12.5 sec ,17.826,
Chevrolet,Cruze,Cruze Hatchback (facelift 2013),10.5 sec ,16.112,
Chevrolet,Cruze,Cruze Hatchback (facelift 2013),9.3 sec ,16,
Chevrolet,Cruze,Cruze Hatchback (facelift 2013),14.1 sec ,17.871,
Chevrolet,Silverado 3500 HD,Silverado 3500 HD III (K2XX) Crew Cab Standard Box,14.773,,
Chevrolet,Silverado 3500 HD,Silverado 3500 HD III (K2XX) Crew Cab Standard Box,14.97,,
Chevrolet,Silverado 3500 HD,Silverado 3500 HD III (K2XX) Crew Cab Standard Box,15.225,,
Chevrolet,Silverado 3500 HD,Silverado 3500 HD III (K2XX) Crew Cab Standard Box,15.411,,
Chevrolet,Silverado 3500 HD,Silverado 3500 HD III (K2XX) Crew Cab Standard Box,15.225,,
Chevrolet,Silverado 3500 HD,Silverado 3500 HD III (K2XX) Crew Cab Standard Box,15.472,,
Chevrolet,Silverado 3500 HD,Silverado 3500 HD III (K2XX) Crew Cab Standard Box,not known,,
Chevrolet,Captiva,Captiva I (facelift 2015),not known,,
Chevrolet,Captiva,Captiva I (facelift 2015),not known,,
Chevrolet,Captiva,Captiva I (facelift 2015),11 sec ,not known,
Chevrolet,Captiva,Captiva I (facelift 2015),10.5 sec ,not known,
Chevrolet,Captiva,Captiva I (facelift 2015),not known,,
Chevrolet,Captiva,Captiva I (facelift 2015),9.8 sec ,not known,
Chevrolet,Colorado,Colorado III Crew Cab Short Box,15.035,,
Chevrolet,Colorado,Colorado III Crew Cab Short Box,14.707,,
Chevrolet,Colorado,Colorado III Crew Cab Short Box,14.433,,
Chevrolet,Colorado,Colorado III Crew Cab Short Box,not known,,
Chevrolet,Colorado,Colorado III Crew Cab Short Box,not known,,
Chevrolet,Colorado,Colorado III Crew Cab Short Box,not known,,
Chevrolet,Blazer,Blazer I,not known,,
Chevrolet,Blazer,Blazer I,not known,,
Chevrolet,Blazer,Blazer I,not known,,
Chevrolet,Blazer,Blazer I,not known,,
Chevrolet,Malibu,"Malibu El Camino (Sedan Pickup, facelift 1981)",not known,,
Chevrolet,Malibu,"Malibu El Camino (Sedan Pickup, facelift 1981)",not known,,
Chevrolet,Malibu,"Malibu El Camino (Sedan Pickup, facelift 1981)",not known,,
Chevrolet,Malibu,"Malibu El Camino (Sedan Pickup, facelift 1981)",18.007,,
Chevrolet,Silverado 2500 HD,"Silverado 2500 HD II (GMT900, facelift 2011) Crew Cab Long Box",15.225,,
Chevrolet,Silverado 2500 HD,"Silverado 2500 HD II (GMT900, facelift 2011) Crew Cab Long Box",15.472,,
Chevrolet,Silverado 2500 HD,"Silverado 2500 HD II (GMT900, facelift 2011) Crew Cab Long Box",15.099,,
Chevrolet,Silverado 2500 HD,"Silverado 2500 HD II (GMT900, facelift 2011) Crew Cab Long Box",15.35,,
Chevrolet,Starcraft,Starcraft,not known,,
Chevrolet,Starcraft,Starcraft,not known,,
Chevrolet,Colorado,Colorado II (facelift 2021) Extended Cab Long Box,13.776,,
Chevrolet,Colorado,Colorado II (facelift 2021) Extended Cab Long Box,14.075,,
Chevrolet,Colorado,Colorado II (facelift 2021) Extended Cab Long Box,17.162,,
Chevrolet,Colorado,Colorado II (facelift 2021) Extended Cab Long Box,15.769,,
Chevrolet,Colorado,Colorado II (facelift 2021) Extended Cab Long Box,16.056,,
Chevrolet,Silverado 1500,Silverado 1500 III (facelift 2016) Crew Cab Standard Box,13.542,,
Chevrolet,Silverado 1500,Silverado 1500 III (facelift 2016) Crew Cab Standard Box,13.699,,
Chevrolet,Silverado 1500,Silverado 1500 III (facelift 2016) Crew Cab Standard Box,14.292,,
Chevrolet,Silverado 1500,Silverado 1500 III (facelift 2016) Crew Cab Standard Box,14.502,,
Chevrolet,Colorado,Colorado II Crew Cab Short Box,13.927,,
Chevrolet,Colorado,Colorado II Crew Cab Short Box,14.148,,
Chevrolet,Colorado,Colorado II Crew Cab Short Box,13.927,,
Chevrolet,Colorado,Colorado II Crew Cab Short Box,14.148,,
Chevrolet,Colorado,Colorado II Crew Cab Short Box,16.809,,
Chevrolet,Colorado,Colorado II Crew Cab Short Box,17.062,,
Chevrolet,Colorado,Colorado II Crew Cab Short Box,15.828,,
Chevrolet,Corvette,"Corvette Coupe (C3, facelift 1978)",14.433,,
Chevrolet,Corvette,"Corvette Coupe (C3, facelift 1978)",14.433,,
Chevrolet,Corvette,"Corvette Coupe (C3, facelift 1978)",15.411,,
Chevrolet,Corvette,"Corvette Coupe (C3, facelift 1978)",15.411,,
Chevrolet,Caprice,Caprice Station Wagon,11.5 sec ,17.112,
Chevrolet,Caprice,Caprice Station Wagon,16.333,,
Chevrolet,Suburban,Suburban (GMT800),15.099,,
Chevrolet,Suburban,Suburban (GMT800),14.84,,
Chevrolet,Suburban,Suburban (GMT800),15.35,,
Chevrolet,Suburban,Suburban (GMT800),15.099,,
Chevrolet,Suburban,Suburban (GMT800),15.162,,
Chevrolet,Suburban,Suburban (GMT800),14.905,,
Chevrolet,Suburban,Suburban (GMT800),10.7 sec ,15.411,
Chevrolet,Suburban,Suburban (GMT800),15.711,,
Chevrolet,Suburban,Suburban (GMT800),15.472,,
Chevrolet,Suburban,Suburban (GMT800),15.225,,
Chevrolet,Suburban,Suburban (GMT800),14.97,,
Chevrolet,Suburban,Suburban (GMT800),15.411,,
Chevrolet,Suburban,Suburban (GMT800),15.162,,
Chevrolet,Malibu,Malibu IX (facelift 2019),13.621,,
Chevrolet,Malibu,Malibu IX (facelift 2019),15.288,,
Chevrolet,Malibu,Malibu IX (facelift 2019),15.532,,
Chevrolet,Avalanche,Avalanche,not known,,
Chevrolet,Avalanche,Avalanche,not known,,
Chevrolet,Spark,Spark IV,16.601,,
Chevrolet,Spark,Spark IV,16.548,,
Chevrolet,Blazer,"Blazer II (4-door, facelift 1998)",not known,,
Chevrolet,Blazer,"Blazer II (4-door, facelift 1998)",not known,,
Chevrolet,Blazer,"Blazer II (4-door, facelift 1998)",not known,,
Chevrolet,Blazer,"Blazer II (4-door, facelift 1998)",not known,,
Chevrolet,Tahoe,Tahoe (GMTK2UC/G),13.852,,
Chevrolet,Tahoe,Tahoe (GMTK2UC/G),14.707,,
Chevrolet,Tahoe,Tahoe (GMTK2UC/G),14.502,,
Chevrolet,Avalanche,Avalanche II,15.288,,
Chevrolet,Avalanche,Avalanche II,15.35,,
Chevrolet,Avalanche,Avalanche II,14.292,,
Chevrolet,Avalanche,Avalanche II,15.162,,
Chevrolet,Avalanche,Avalanche II,15.225,,
Chevrolet,Avalanche,Avalanche II,14.905,,
Chevrolet,Avalanche,Avalanche II,15.099,,
Chevrolet,Avalanche,Avalanche II,15.288,,
Chevrolet,Avalanche,Avalanche II,15.288,,
Chevrolet,Silverado 3500 HD,Silverado 3500 HD IV (T1XX) Double Cab Long Bed,14.905,,
Chevrolet,Silverado 3500 HD,Silverado 3500 HD IV (T1XX) Double Cab Long Bed,15.099,,
Chevrolet,Silverado 3500 HD,Silverado 3500 HD IV (T1XX) Double Cab Long Bed,15.099,,
Chevrolet,Silverado 3500 HD,Silverado 3500 HD IV (T1XX) Double Cab Long Bed,15.288,,
Chevrolet,Silverado 3500 HD,Silverado 3500 HD IV (T1XX) Double Cab Long Bed,15.035,,
Chevrolet,Silverado 3500 HD,Silverado 3500 HD IV (T1XX) Double Cab Long Bed,15.225,,
Chevrolet,Silverado 3500 HD,Silverado 3500 HD IV (T1XX) Double Cab Long Bed,15.225,,
Chevrolet,Silverado 3500 HD,Silverado 3500 HD IV (T1XX) Double Cab Long Bed,15.35,,
Chevrolet,Camaro,Camaro II,16.333,,
Chevrolet,Camaro,Camaro II,14.97,,
Chevrolet,Camaro,Camaro II,16.758,,
Chevrolet,Camaro,Camaro II,17.062,,
Chevrolet,Camaro,Camaro II,18.096,,
Chevrolet,Vectra,Vectra (GM2900),10.6 sec ,14.221,
Chevrolet,Vectra,Vectra (GM2900),12 sec ,16.168,
Chevrolet,Vectra,Vectra (GM2900),10.6 sec ,16.168,
Chevrolet,Vectra,Vectra (GM2900),10.3 sec ,16.224,
Chevrolet,Vectra,Vectra (GM2900),11.7 sec ,16.911,
Chevrolet,Corvette,Corvette Convertible (C5),5.3 sec ,12.423,
Chevrolet,Corvette,Corvette Convertible (C5),4.7 sec ,12.232,
Chevrolet,Corvette,Corvette Convertible (C5),4.9 sec ,12.328,
Chevrolet,Corvette,Corvette Convertible (C5),4.9 sec ,12.328,
Chevrolet,Corvette,Corvette Coupe (C5),4 sec ,11.4,
Chevrolet,Corvette,Corvette Coupe (C5),5.6 sec ,12.134,
Chevrolet,Corvette,Corvette Coupe (C5),5.3 sec ,12.328,
Chevrolet,Corvette,Corvette Coupe (C5),4.7 sec ,12.232,
Chevrolet,Equinox,Equinox II,not known,,
Chevrolet,Equinox,Equinox II,not known,,
Chevrolet,Equinox,Equinox II,not known,,
Chevrolet,Equinox,Equinox II,not known,,
Chevrolet,Equinox,Equinox II,not known,,
Chevrolet,Equinox,Equinox II,not known,,
Chevrolet,Silverado 2500 HD,Silverado 2500 HD III (K2XX) Regular Cab Long Box,13.699,,
Chevrolet,Silverado 2500 HD,Silverado 2500 HD III (K2XX) Regular Cab Long Box,13.927,,
Chevrolet,Silverado 2500 HD,Silverado 2500 HD III (K2XX) Regular Cab Long Box,14.84,,
Chevrolet,Silverado 2500 HD,Silverado 2500 HD III (K2XX) Regular Cab Long Box,15.099,,
Chevrolet,Silverado 2500 HD,Silverado 2500 HD III (K2XX) Regular Cab Long Box,14.84,,
Chevrolet,Silverado 2500 HD,Silverado 2500 HD III (K2XX) Regular Cab Long Box,14.905,,
Chevrolet,Silverado 2500 HD,Silverado 2500 HD III (K2XX) Regular Cab Long Box,not known,,
Chevrolet,Aveo,Aveo Hatchback,16.495,,
Chevrolet,Aveo,Aveo Hatchback,16.495,,
Chevrolet,Aveo,Aveo Hatchback,12.3 sec ,17.062,
Chevrolet,Aveo,Aveo Hatchback,11.9 sec ,17.012,
Chevrolet,Aveo,Aveo Hatchback,11.9 sec ,17.012,
Chevrolet,Aveo,Aveo Hatchback,11.1 sec ,17.012,
Chevrolet,Aveo,Aveo Hatchback,12.1 sec ,17.5,
Chevrolet,Aveo,Aveo Hatchback,13.7 sec ,18.184,
Chevrolet,Aveo,Aveo Hatchback,12.8 sec ,17.917,
Chevrolet,Malibu,Malibu Maxx,15.099,,
Chevrolet,Cobalt,Cobalt Coupe,14.84,,
Chevrolet,Cobalt,Cobalt Coupe,6.2 sec ,15.885,
Chevrolet,Cobalt,Cobalt Coupe,13.927,,
Chevrolet,Prizm,Prizm,15.592,,
Chevrolet,Prizm,Prizm,15.592,,
Chevrolet,Prizm,Prizm,15.711,,
Chevrolet,Prizm,Prizm,15.711,,
Chevrolet,Malibu,Malibu IV Sedan,15.828,,
Chevrolet,Malibu,Malibu IV Sedan,15.885,,
Chevrolet,Malibu,Malibu IV Sedan,15.885,,
Chevrolet,Malibu,Malibu IV Sedan,16.056,,
Chevrolet,Malibu,Malibu IV Sedan,16.056,,
Chevrolet,Malibu,Malibu IV Sedan,16.441,,
Chevrolet,Malibu,Malibu IV Sedan,16.86,,
Chevrolet,Malibu,Malibu IV Sedan,17.26,,
Chevrolet,Malibu,Malibu IV Sedan,17.211,,
Chevrolet,Malibu,Malibu IV Sedan,17.452,,
Chevrolet,Malibu,Malibu IV Sedan,17.5,,
Chevrolet,Malibu,Malibu IV Sedan,17.5,,
Chevrolet,Malibu,Malibu IV Sedan,17.452,,
Chevrolet,Malibu,Malibu IV Sedan,17.734,,
Chevrolet,Malibu,Malibu IV Sedan,18.052,,
Chevrolet,Malibu,Malibu IV Sedan,18.697,,
Chevrolet,Malibu,Malibu IV Sedan,18.613,,
Chevrolet,Malibu,Malibu IV Sedan,18.697,,
Chevrolet,Malibu,Malibu IV Sedan,18.655,,
Chevrolet,Silverado 2500 HD,"Silverado 2500 HD IV (T1XX, facelift 2024) Regular Cab Long Bed",14.502,,
Chevrolet,Silverado 2500 HD,"Silverado 2500 HD IV (T1XX, facelift 2024) Regular Cab Long Bed",14.773,,
Chevrolet,Silverado 2500 HD,"Silverado 2500 HD IV (T1XX, facelift 2024) Regular Cab Long Bed",14.221,,
Chevrolet,Silverado 2500 HD,"Silverado 2500 HD IV (T1XX, facelift 2024) Regular Cab Long Bed",14.363,,
Chevrolet,Silverado 1500,Silverado 1500 II Crew Cab Standard Box,not known,,
Chevrolet,Silverado 1500,Silverado 1500 II Crew Cab Standard Box,14.905,,
Chevrolet,Silverado 1500,Silverado 1500 II Crew Cab Standard Box,not known,,
Chevrolet,Silverado 3500 HD,Silverado 3500 HD III (K2XX) Crew Cab Long Box,15.288,,
Chevrolet,Silverado 3500 HD,Silverado 3500 HD III (K2XX) Crew Cab Long Box,14.84,,
Chevrolet,Silverado 3500 HD,Silverado 3500 HD III (K2XX) Crew Cab Long Box,15.099,,
Chevrolet,Silverado 3500 HD,Silverado 3500 HD III (K2XX) Crew Cab Long Box,15.099,,
Chevrolet,Silverado 3500 HD,Silverado 3500 HD III (K2XX) Crew Cab Long Box,15.411,,
Chevrolet,Silverado 3500 HD,Silverado 3500 HD III (K2XX) Crew Cab Long Box,15.592,,
Chevrolet,Silverado 3500 HD,Silverado 3500 HD III (K2XX) Crew Cab Long Box,15.652,,
Chevrolet,Silverado 3500 HD,Silverado 3500 HD III (K2XX) Crew Cab Long Box,15.828,,
Chevrolet,Silverado 3500 HD,Silverado 3500 HD III (K2XX) Crew Cab Long Box,15.288,,
Chevrolet,Silverado 3500 HD,Silverado 3500 HD III (K2XX) Crew Cab Long Box,15.592,,
Chevrolet,Silverado 3500 HD,Silverado 3500 HD III (K2XX) Crew Cab Long Box,15.592,,
Chevrolet,Silverado 3500 HD,Silverado 3500 HD III (K2XX) Crew Cab Long Box,15.828,,
Chevrolet,Silverado 3500 HD,Silverado 3500 HD III (K2XX) Crew Cab Long Box,not known,,
